NIRBRS Crime Category,Frequency All Neighborhoods,Frequency % All Neighborhoods,Frequency at Reunion District,Frequency % at Reunion District,Frequency at West End Historic District,Frequency % at West End Historic District,Frequency at Dallas Arts District,Frequency % at Dallas Arts District,Frequency at Commercial Center,Frequency % at Commercial Center,Frequency at Main Street District,Frequency % at Main Street District,Frequency at Farmers Market District,Frequency % at Farmers Market District,Frequency at Civic Center District,Frequency % at Civic Center District,Frequency at Cedars,Frequency % at Cedars,Frequency at The Bottoms,Frequency % at The Bottoms,Frequency at Tenth Street,Frequency % at Tenth Street,Frequency at Lake Cliff,Frequency % at Lake Cliff,Frequency at Kidd Springs,Frequency % at Kidd Springs,Frequency at East Kessler Park,Frequency % at East Kessler Park,Frequency at La L'aceate,Frequency % at La L'aceate,Frequency at La Bajada,Frequency % at La Bajada,Frequency at Design District,Frequency % at Design District,Frequency at Oak Lawn,Frequency % at Oak Lawn,Frequency at Victory Park,Frequency % at Victory Park,Frequency at Uptown,Frequency % at Uptown,Frequency at State Thomas,Frequency % at State Thomas,Frequency at West Village,Frequency % at West Village,Frequency at Cityplace,Frequency % at Cityplace,Frequency at Roseland,Frequency % at Roseland,Frequency at Bryan Place,Frequency % at Bryan Place,Frequency at Baylor / Meadows,Frequency % at Baylor / Meadows,Frequency at Deep Ellum,Frequency % at Deep Ellum,Frequency at Exposition Park,Frequency % at Exposition Park,Frequency at Grand Park South,Frequency % at Grand Park South,Frequency at Park Row / South Boulevard,Frequency % at Park Row / South Boulevard,Frequency at Edgewood Place,Frequency % at Edgewood Place,Frequency at Skyline Heights,Frequency % at Skyline Heights,Frequency at The Heights,Frequency % at The Heights,Frequency at Cedar Oaks,Frequency % at Cedar Oaks,Frequency at Beckley Club Estates,Frequency % at Beckley Club Estates,Frequency at Ruthmeade Place,Frequency % at Ruthmeade Place,Frequency at Dallas Land & Loan,Frequency % at Dallas Land & Loan,Frequency at Bishop Arts District,Frequency % at Bishop Arts District,Frequency at Kings Highway,Frequency % at Kings Highway,Frequency at Kessler Park,Frequency % at Kessler Park,Frequency at Western Heights,Frequency % at Western Heights,Frequency at Muncie,Frequency % at Muncie,Frequency at Los Altos,Frequency % at Los Altos,Frequency at Turtle Creek,Frequency % at Turtle Creek,Frequency at Fitzhugh / Capitol,Frequency % at Fitzhugh / Capitol,Frequency at Peak's Addition,Frequency % at Peak's Addition,Frequency at Jubilee Park,Frequency % at Jubilee Park,Frequency at Owenwood,Frequency % at Owenwood,Frequency at Dolphin Heights,Frequency % at Dolphin Heights,Frequency at Frazier,Frequency % at Frazier,Frequency at Dixon Circle / Sunny Acres,Frequency % at Dixon Circle / Sunny Acres,Frequency at Bertrand,Frequency % at Bertrand,Frequency at Mill City,Frequency % at Mill City,Frequency at Wheatley Place,Frequency % at Wheatley Place,Frequency at Exline / Charles Rice,Frequency % at Exline / Charles Rice,Frequency at Queen City,Frequency % at Queen City,Frequency at Colonial Hill,Frequency % at Colonial Hill,Frequency at Forest Heights,Frequency % at Forest Heights,Frequency at Cadillac Heights,Frequency % at Cadillac Heights,Frequency at Cedar Crest,Frequency % at Cedar Crest,Frequency at Trinity Heights or Brentwood,Frequency % at Trinity Heights or Brentwood,Frequency at Beckleywood,Frequency % at Beckleywood,Frequency at Wynnewood North,Frequency % at Wynnewood North,Frequency at Winnetka Heights,Frequency % at Winnetka Heights,Frequency at La Loma,Frequency % at La Loma,Frequency at Perry Heights,Frequency % at Perry Heights,Frequency at North Oak Lawn,Frequency % at North Oak Lawn,Frequency at Northern Hills,Frequency % at Northern Hills,Frequency at Cochran Heights,Frequency % at Cochran Heights,Frequency at Henderson,Frequency % at Henderson,Frequency at Munger Place,Frequency % at Munger Place,Frequency at Mount Auburn,Frequency % at Mount Auburn,Frequency at Parkdale,Frequency % at Parkdale,Frequency at Rose Garden,Frequency % at Rose Garden,Frequency at Ideal,Frequency % at Ideal,Frequency at Bonton,Frequency % at Bonton,Frequency at Cedar Crest Country Club Estates,Frequency % at Cedar Crest Country Club Estates,Frequency at Cedar Crest Village,Frequency % at Cedar Crest Village,Frequency at Beckley-Saner,Frequency % at Beckley-Saner,Frequency at Beckley Terrace,Frequency % at Beckley Terrace,Frequency at Wynnewood Heights,Frequency % at Wynnewood Heights,Frequency at Summit Lawn,Frequency % at Summit Lawn,Frequency at Elmwood,Frequency % at Elmwood,Frequency at Hampton Hills,Frequency % at Hampton Hills,Frequency at Sunset Hill,Frequency % at Sunset Hill,Frequency at L.O. Daniel,Frequency % at L.O. Daniel,Frequency at West Kessler,Frequency % at West Kessler,Frequency at Stevens Park Estates,Frequency % at Stevens Park Estates,Frequency at Southwestern Medical District,Frequency % at Southwestern Medical District,Frequency at Oak Lawn Heights,Frequency % at Oak Lawn Heights,Frequency at Vickery Place,Frequency % at Vickery Place,Frequency at Lowest Greenville West,Frequency % at Lowest Greenville West,Frequency at East Garrett Park,Frequency % at East Garrett Park,Frequency at Junius Heights,Frequency % at Junius Heights,Frequency at Enclave at Grove Hill,Frequency % at Enclave at Grove Hill,Frequency at Buckner Terrace,Frequency % at Buckner Terrace,Frequency at Urbandale,Frequency % at Urbandale,Frequency at Piedmont / Scyene,Frequency % at Piedmont / Scyene,Frequency at Pemberton Hill,Frequency % at Pemberton Hill,Frequency at Shady Hills,Frequency % at Shady Hills,Frequency at Joppa,Frequency % at Joppa,Frequency at Fruitdale,Frequency % at Fruitdale,Frequency at Liberty Heights,Frequency % at Liberty Heights,Frequency at Kiest-Polk,Frequency % at Kiest-Polk,Frequency at Oak Park Estates,Frequency % at Oak Park Estates,Frequency at Kessler Plaza,Frequency % at Kessler Plaza,Frequency at Stevens Park Village,Frequency % at Stevens Park Village,Frequency at Lake West,Frequency % at Lake West,Frequency at Greenleaf Village,Frequency % at Greenleaf Village,Frequency at Arlington Park,Frequency % at Arlington Park,Frequency at Maple Lawn,Frequency % at Maple Lawn,Frequency at M Streets or Greenland Hills,Frequency % at M Streets or Greenland Hills,Frequency at Lower Greenville,Frequency % at Lower Greenville,Frequency at Belmont,Frequency % at Belmont,Frequency at Swiss Avenue,Frequency % at Swiss Avenue,Frequency at Abrams-Brookside,Frequency % at Abrams-Brookside,Frequency at Hollywood Heights / Santa Monica,Frequency % at Hollywood Heights / Santa Monica,Frequency at Claremont Addition,Frequency % at Claremont Addition,Frequency at Lakeland Hills,Frequency % at Lakeland Hills,Frequency at Independence Park,Frequency % at Independence Park,Frequency at Pleasant Mound,Frequency % at Pleasant Mound,Frequency at Pleasant Grove,Frequency % at Pleasant Grove,Frequency at Floral Farms,Frequency % at Floral Farms,Frequency at Horizon Estate,Frequency % at Horizon Estate,Frequency at Five Mile Creek,Frequency % at Five Mile Creek,Frequency at Glendale Heights,Frequency % at Glendale Heights,Frequency at Marsalis Park,Frequency % at Marsalis Park,Frequency at Southern Hills,Frequency % at Southern Hills,Frequency at Druid Hills,Frequency % at Druid Hills,Frequency at Kiestwood,Frequency % at Kiestwood,Frequency at Kimball,Frequency % at Kimball,Frequency at Loupot Heights,Frequency % at Loupot Heights,Frequency at North Cliff,Frequency % at North Cliff,Frequency at Ravinia Heights,Frequency % at Ravinia Heights,Frequency at Beverly Hills,Frequency % at Beverly Hills,Frequency at El Tivoli Place,Frequency % at El Tivoli Place,Frequency at Westmoreland Heights,Frequency % at Westmoreland Heights,Frequency at Ledbetter Gardens,Frequency % at Ledbetter Gardens,Frequency at Love Field,Frequency % at Love Field,Frequency at Highland Place / Bordeaux Village,Frequency % at Highland Place / Bordeaux Village,Frequency at Glencoe Park,Frequency % at Glencoe Park,Frequency at Edgemont Park,Frequency % at Edgemont Park,Frequency at Lakewood Hills or Gastonwood / Coronado Hills,Frequency % at Lakewood Hills or Gastonwood / Coronado Hills,Frequency at Highland on the Creek,Frequency % at Highland on the Creek,Frequency at Enclave at White Rock,Frequency % at Enclave at White Rock,Frequency at Hillridge,Frequency % at Hillridge,Frequency at White Rock Village,Frequency % at White Rock Village,Frequency at Light Pointe Place,Frequency % at Light Pointe Place,Frequency at Rylie,Frequency % at Rylie,Frequency at Highland Hills,Frequency % at Highland Hills,Frequency at Cedar Creek Ranch,Frequency % at Cedar Creek Ranch,Frequency at Cigarette Hill,Frequency % at Cigarette Hill,Frequency at Arden Terrace,Frequency % at Arden Terrace,Frequency at Singing Hills,Frequency % at Singing Hills,Frequency at Glenview,Frequency % at Glenview,Frequency at Glen Oaks,Frequency % at Glen Oaks,Frequency at Oak Park North,Frequency % at Oak Park North,Frequency at Club Oaks,Frequency % at Club Oaks,Frequency at Hideaway Valley,Frequency % at Hideaway Valley,Frequency at Kimball Square,Frequency % at Kimball Square,Frequency at Kiest Forest,Frequency % at Kiest Forest,Frequency at Kiest Valley Estates,Frequency % at Kiest Valley Estates,Frequency at Roland Hills,Frequency % at Roland Hills,Frequency at The Dells District,Frequency % at The Dells District,Frequency at American Mount,Frequency % at American Mount,Frequency at West Ridge Park,Frequency % at West Ridge Park,Frequency at Ledbetter,Frequency % at Ledbetter,Frequency at Elm Thicket or North Park,Frequency % at Elm Thicket or North Park,Frequency at Greenway Parks,Frequency % at Greenway Parks,Frequency at Greenway Crest,Frequency % at Greenway Crest,Frequency at Lakewood Heights,Frequency % at Lakewood Heights,Frequency at Wilshire Heights,Frequency % at Wilshire Heights,Frequency at Lakewood,Frequency % at Lakewood,Frequency at Forest Hills,Frequency % at Forest Hills,Frequency at Forest Oaks,Frequency % at Forest Oaks,Frequency at Enclave at Ash Creek,Frequency % at Enclave at Ash Creek,Frequency at Eastwood Hills,Frequency % at Eastwood Hills,Frequency at Hillview Terrace,Frequency % at Hillview Terrace,Frequency at Wisdom Terrace,Frequency % at Wisdom Terrace,Frequency at Wheatland Meadows,Frequency % at Wheatland Meadows,Frequency at Oakland Terrace,Frequency % at Oakland Terrace,Frequency at Woodland Canyon,Frequency % at Woodland Canyon,Frequency at Wynnewood Hills,Frequency % at Wynnewood Hills,Frequency at Twin Oaks,Frequency % at Twin Oaks,Frequency at Country Creek,Frequency % at Country Creek,Frequency at Encinos Park,Frequency % at Encinos Park,Frequency at Westhaven,Frequency % at Westhaven,Frequency at Rolling Meadows,Frequency % at Rolling Meadows,Frequency at Los Encinos,Frequency % at Los Encinos,Frequency at Western Park,Frequency % at Western Park,Frequency at Las Haciendas,Frequency % at Las Haciendas,Frequency at Merrifield Manor,Frequency % at Merrifield Manor,Frequency at Arcadia Park,Frequency % at Arcadia Park,Frequency at Bachman,Frequency % at Bachman,Frequency at Shorecrest Estates,Frequency % at Shorecrest Estates,Frequency at Bluffview,Frequency % at Bluffview,Frequency at Devonshire,Frequency % at Devonshire,Frequency at North Stonewall Terrace,Frequency % at North Stonewall Terrace,Frequency at Caruth Terrace,Frequency % at Caruth Terrace,Frequency at Hillside,Frequency % at Hillside,Frequency at Lakewood Trails,Frequency % at Lakewood Trails,Frequency at White Rock,Frequency % at White Rock,Frequency at The Cloisters,Frequency % at The Cloisters,Frequency at Emerald Isles,Frequency % at Emerald Isles,Frequency at Little Forest Hills,Frequency % at Little Forest Hills,Frequency at Casa Linda Estates,Frequency % at Casa Linda Estates,Frequency at Casa Linda Forest,Frequency % at Casa Linda Forest,Frequency at Alger Park / Ash Creek,Frequency % at Alger Park / Ash Creek,Frequency at Oates Drive or White Rock Forest,Frequency % at Oates Drive or White Rock Forest,Frequency at Crestview Park,Frequency % at Crestview Park,Frequency at Polk Terrace,Frequency % at Polk Terrace,Frequency at Wheatland Hills,Frequency % at Wheatland Hills,Frequency at Unity Estates,Frequency % at Unity Estates,Frequency at Cedar Vista,Frequency % at Cedar Vista,Frequency at Vista Real,Frequency % at Vista Real,Frequency at Colony Square,Frequency % at Colony Square,Frequency at Bradford Estates,Frequency % at Bradford Estates,Frequency at Midway Hollow,Frequency % at Midway Hollow,Frequency at Preston Hollow,Frequency % at Preston Hollow,Frequency at Windsor Park,Frequency % at Windsor Park,Frequency at Lane Park,Frequency % at Lane Park,Frequency at Glen Lakes,Frequency % at Glen Lakes,Frequency at Caruth Hills,Frequency % at Caruth Hills,Frequency at The Village,Frequency % at The Village,Frequency at University Meadows,Frequency % at University Meadows,Frequency at Ridgewood Park,Frequency % at Ridgewood Park,Frequency at Merriman Park / University Manor,Frequency % at Merriman Park / University Manor,Frequency at University Terrace,Frequency % at University Terrace,Frequency at The Peninsula,Frequency % at The Peninsula,Frequency at Old Lake Highlands,Frequency % at Old Lake Highlands,Frequency at Eastwood Estates,Frequency % at Eastwood Estates,Frequency at Lake Park Estates,Frequency % at Lake Park Estates,Frequency at Monopoly Place,Frequency % at Monopoly Place,Frequency at Casa View Haven,Frequency % at Casa View Haven,Frequency at Casa View Oaks,Frequency % at Casa View Oaks,Frequency at Mountain Terrace,Frequency % at Mountain Terrace,Frequency at Woods-Sugarberry,Frequency % at Woods-Sugarberry,Frequency at Summit Parc,Frequency % at Summit Parc,Frequency at Mountain Ridge,Frequency % at Mountain Ridge,Frequency at Wind Ridge Estates,Frequency % at Wind Ridge Estates,Frequency at Hunter's Bend,Frequency % at Hunter's Bend,Frequency at Chapel Downs,Frequency % at Chapel Downs,Frequency at Sparkman Club Estates,Frequency % at Sparkman Club Estates,Frequency at Joe's Creek-Walnut Garden,Frequency % at Joe's Creek-Walnut Garden,Frequency at Walnut Hill,Frequency % at Walnut Hill,Frequency at Les Jardins Estates,Frequency % at Les Jardins Estates,Frequency at Kelsey Square,Frequency % at Kelsey Square,Frequency at Royalwood Estate,Frequency % at Royalwood Estate,Frequency at Lobello,Frequency % at Lobello,Frequency at Mayflower Estates,Frequency % at Mayflower Estates,Frequency at Preston Hollow North,Frequency % at Preston Hollow North,Frequency at Brookshire Park,Frequency % at Brookshire Park,Frequency at Pagewood,Frequency % at Pagewood,Frequency at High Hollows,Frequency % at High Hollows,Frequency at The Meadows,Frequency % at The Meadows,Frequency at Vickery Meadow(s),Frequency % at Vickery Meadow(s),Frequency at Alexander's Village,Frequency % at Alexander's Village,Frequency at Highlands West,Frequency % at Highlands West,Frequency at Merriman Park North,Frequency % at Merriman Park North,Frequency at Merriman Park Estates,Frequency % at Merriman Park Estates,Frequency at Lake Highlands North,Frequency % at Lake Highlands North,Frequency at White Rock Valley,Frequency % at White Rock Valley,Frequency at Lake Ridge Estates North,Frequency % at Lake Ridge Estates North,Frequency at Lake Ridge Estates,Frequency % at Lake Ridge Estates,Frequency at L Streets,Frequency % at L Streets,Frequency at Highland Meadows,Frequency % at Highland Meadows,Frequency at Lochwood,Frequency % at Lochwood,Frequency at Casa View,Frequency % at Casa View,Frequency at Linda Heights,Frequency % at Linda Heights,Frequency at Briarwood,Frequency % at Briarwood,Frequency at Braeburn Glen,Frequency % at Braeburn Glen,Frequency at St. Andrew's,Frequency % at St. Andrew's,Frequency at Lake Highlands Estates,Frequency % at Lake Highlands Estates,Frequency at Lake Highlands Square,Frequency % at Lake Highlands Square,Frequency at Royal Highlands,Frequency % at Royal Highlands,Frequency at Royal Highlands Village,Frequency % at Royal Highlands Village,Frequency at Copperfield,Frequency % at Copperfield,Frequency at Town Creek,Frequency % at Town Creek,Frequency at Moss Farm,Frequency % at Moss Farm,Frequency at Forest Meadow,Frequency % at Forest Meadow,Frequency at Stults Road,Frequency % at Stults Road,Frequency at Northwood Heights,Frequency % at Northwood Heights,Frequency at Hillcrest Forest,Frequency % at Hillcrest Forest,Frequency at Jan Mar,Frequency % at Jan Mar,Frequency at Hillcrest Estates,Frequency % at Hillcrest Estates,Frequency at Russwood Acres,Frequency % at Russwood Acres,Frequency at Royal Northaven,Frequency % at Royal Northaven,Frequency at Disney Streets,Frequency % at Disney Streets,Frequency at Northaven Park,Frequency % at Northaven Park,Frequency at Royal Hills,Frequency % at Royal Hills,Frequency at The Gables at Royal Lane,Frequency % at The Gables at Royal Lane,Frequency at Northtown Square,Frequency % at Northtown Square,Frequency at Park Forest,Frequency % at Park Forest,Frequency at Hockaday,Frequency % at Hockaday,Frequency at Inwood Road Estates,Frequency % at Inwood Road Estates,Frequency at Glen Meadow Estates,Frequency % at Glen Meadow Estates,Frequency at Forestcrest Estates,Frequency % at Forestcrest Estates,Frequency at Melshire Estates,Frequency % at Melshire Estates,Frequency at Churchill Way Estates,Frequency % at Churchill Way Estates,Frequency at Lake Forest,Frequency % at Lake Forest,Frequency at Hamilton Park,Frequency % at Hamilton Park,Frequency at Chimney Hill,Frequency % at Chimney Hill,Frequency at Country Forest / Jackson Meadows,Frequency % at Country Forest / Jackson Meadows,Frequency at Woodbridge,Frequency % at Woodbridge,Frequency at Whispering Hills,Frequency % at Whispering Hills,Frequency at Richland Corners,Frequency % at Richland Corners,Frequency at Waterford on the Park,Frequency % at Waterford on the Park,Frequency at Churchill Pointe,Frequency % at Churchill Pointe,Frequency at The Downs of Hillcrest,Frequency % at The Downs of Hillcrest,Frequency at Preston Citadel,Frequency % at Preston Citadel,Frequency at McShann Estates,Frequency % at McShann Estates,Frequency at Valley View,Frequency % at Valley View,Frequency at Willow Falls,Frequency % at Willow Falls,Frequency at Northwood Hills,Frequency % at Northwood Hills,Frequency at Spring Creek,Frequency % at Spring Creek,Frequency at Prestonwood Estates East,Frequency % at Prestonwood Estates East,Frequency at Prestonwood Estates West,Frequency % at Prestonwood Estates West,Frequency at Chalfont Place,Frequency % at Chalfont Place,Frequency at Prestonwood,Frequency % at Prestonwood,Frequency at Holiday Park,Frequency % at Holiday Park,Frequency at Prestonwood East,Frequency % at Prestonwood East,Frequency at Estates West,Frequency % at Estates West,Frequency at Highlands North,Frequency % at Highlands North,Frequency at Hillcrest Manor,Frequency % at Hillcrest Manor,Frequency at Campbell Green,Frequency % at Campbell Green,Frequency at Preston Trail,Frequency % at Preston Trail,Frequency at Glen Abbey,Frequency % at Glen Abbey,Frequency at Meadow Glen,Frequency % at Meadow Glen,Frequency at Bent Tree Hills,Frequency % at Bent Tree Hills,Frequency at Bent Tree West,Frequency % at Bent Tree West,Frequency at Bent Tree North,Frequency % at Bent Tree North,Frequency at Oakdale,Frequency % at Oakdale,Frequency at Prestonwood West,Frequency % at Prestonwood West,Frequency at Highlands of McKamy,Frequency % at Highlands of McKamy,Frequency at Highland Creek Estates,Frequency % at Highland Creek Estates,Frequency at Preston Highlands,Frequency % at Preston Highlands,Frequency at Oaktree,Frequency % at Oaktree,Frequency at Country Brook,Frequency % at Country Brook,Frequency at The Landmark,Frequency % at The Landmark,Frequency at Parkway Village,Frequency % at Parkway Village,Frequency at Highlands Parkway,Frequency % at Highlands Parkway,Frequency at Midway Meadows,Frequency % at Midway Meadows,Frequency at Rolling Trails,Frequency % at Rolling Trails,Frequency at Pebble Creek,Frequency % at Pebble Creek,Frequency at Harbor Glen,Frequency % at Harbor Glen,Frequency at Fox Hollow,Frequency % at Fox Hollow,Frequency at Vista del Cielo,Frequency % at Vista del Cielo,Frequency at Shannon Estates,Frequency % at Shannon Estates,Frequency at Hidden Valley,Frequency % at Hidden Valley,Frequency at Runyon Springs,Frequency % at Runyon Springs,Frequency at Oak Cliff Gardens,Frequency % at Oak Cliff Gardens,Frequency at Cedar Haven,Frequency % at Cedar Haven,Frequency at Beckley Heights,Frequency % at Beckley Heights,Frequency at Glen Hills,Frequency % at Glen Hills,Frequency at Elderwood,Frequency % at Elderwood,Frequency at Webster Grove,Frequency % at Webster Grove,Frequency at Coral Hills,Frequency % at Coral Hills,Frequency at Preston Road Highlands,Frequency % at Preston Road Highlands,Frequency at Oak Highlands Estates,Frequency % at Oak Highlands Estates,Frequency at Moss Meadows,Frequency % at Moss Meadows,Frequency at RUFCO,Frequency % at RUFCO,Frequency at Fair Park Estates,Frequency % at Fair Park Estates,Frequency at Kiest Park,Frequency % at Kiest Park,Frequency at Lisbon,Frequency % at Lisbon,Frequency at Brettonwoods,Frequency % at Brettonwoods,Frequency at Encino Hills,Frequency % at Encino Hills,Frequency at Capella Park,Frequency % at Capella Park,Frequency at Knox Park,Frequency % at Knox Park,Frequency at Kleberg,Frequency % at Kleberg
ANIMAL OFFENSES,57,0.14,0,0,0,0,0,0,0,0,1,0.13,0,0,0,0,0,0,0,0,0,0,0,0,0,0,0,0,0,0,0,0,1,0.16,1,0.02,0,0,0,0,0,0,0,0,0,0,0,0,1,0.36,0,0,2,0.2,0,0,1,0.29,0,0,0,0,0,0,0,0,0,0,0,0,0,0,0,0,0,0,0,0,0,0,1,0.78,0,0,0,0,0,0,0,0,0,0,0,0,0,0,0,0,3,0.61,0,0,0,0,1,0.46,1,1.61,0,0,0,0,0,0,0,0,0,0,1,1.85,0,0,0,0,0,0,0,0,0,0,0,0,0,0,0,0,0,0,0,0,0,0,0,0,0,0,1,0.98,0,0,0,0,1,0.7,0,0,0,0,0,0,0,0,0,0,1,0.77,0,0,0,0,0,0,0,0,0,0,1,0.21,0,0,0,0,0,0,0,0,0,0,0,0,5,0.58,0,0,0,0,0,0,0,0,0,0,3,0.76,0,0,0,0,0,0,0,0,0,0,0,0,0,0,1,2.27,0,0,0,0,0,0,0,0,0,0,0,0,0,0,0,0,0,0,0,0,5,0.56,1,0.05,0,0,0,0,0,0,0,0,0,0,0,0,0,0,0,0,0,0,0,0,0,0,0,0,0,0,0,0,0,0,0,0,0,0,0,0,0,0,0,0,0,0,0,0,0,0,0,0,0,0,0,0,3,1.29,3,0.8,0,0,0,0,0,0,0,0,0,0,0,0,0,0,0,0,0,0,0,0,0,0,0,0,0,0,0,0,0,0,0,0,1,0.38,0,0,0,0,0,0,0,0,0,0,0,0,0,0,0,0,0,0,0,0,0,0,0,0,0,0,0,0,0,0,0,0,0,0,2,3.08,0,0,0,0,0,0,0,0,0,0,0,0,0,0,1,0.64,1,0.04,0,0,0,0,0,0,0,0,0,0,0,0,0,0,0,0,0,0,0,0,0,0,0,0,0,0,0,0,0,0,0,0,0,0,0,0,0,0,0,0,0,0,0,0,0,0,0,0,0,0,0,0,0,0,0,0,0,0,0,0,0,0,0,0,0,0,0,0,0,0,0,0,0,0,0,0,0,0,0,0,0,0,0,0,0,0,0,0,0,0,0,0,0,0,0,0,0,0,0,0,0,0,0,0,0,0,0,0,0,0,0,0,0,0,0,0,0,0,0,0,0,0,6,0.34,0,0,0,0,0,0,0,0,0,0,0,0,0,0,0,0,0,0,2,0.41,0,0,0,0,0,0,0,0,0,0,0,0,0,0,0,0,0,0,0,0,1,1.54,0,0,0,0,0,0,1,2.56,0,0,0,0,0,0,0,0,0,0,0,0,0,0,0,0,0,0,0,0,0,0,0,0,0,0,0,0,0,0,0,0,0,0,0,0,0,0,1,0.85,0,0,0,0,0,0,0,0,0,0,0,0,0,0,0,0,0,0,0,0,0,0,0,0,0,0,1,2.38,0,0,0,0,0,0,0,0,0,0,0,0,0,0,0,0,0,0,0,0,0,0,0,0,0,0,0,0,0,0,0,0,0,0,0,0,0,0,0,0,0,0,0,0,0,0,0,0,0,0,0,0,0,0,0,0,0,0,0,0,0,0,0,0,0,0,0,0,0,0,1,1.79,0,0,0,0,0,0,0,0,0,0,0,0,0,0,0,0,0,0,0,0,0,0,0,0,0,0,0,0,0,0,0,0,0,0,3,0.55
ARSON,121,0.3,0,0,0,0,0,0,0,0,2,0.26,0,0,0,0,1,0.15,1,3.33,0,0,0,0,0,0,0,0,0,0,0,0,2,0.33,11,0.25,0,0,3,0.22,0,0,1,0.4,1,0.16,1,1.06,0,0,0,0,0,0,0,0,1,0.29,0,0,0,0,0,0,1,0.82,0,0,0,0,0,0,2,0.75,0,0,0,0,0,0,1,0.78,0,0,3,1.13,2,0.31,4,0.42,0,0,0,0,0,0,0,0,4,0.81,0,0,0,0,3,1.37,0,0,5,2.17,0,0,0,0,1,1.11,0,0,0,0,1,1.89,0,0,0,0,1,1.32,1,1.52,0,0,0,0,0,0,0,0,0,0,1,1.85,0,0,1,0.99,0,0,4,1.96,3,2.59,0,0,0,0,0,0,0,0,2,2.11,0,0,1,0.77,0,0,1,0.79,0,0,0,0,0,0,2,0.42,0,0,0,0,0,0,2,2.22,0,0,0,0,1,0.12,1,0.54,0,0,2,0.43,0,0,0,0,1,0.25,1,3.23,1,0.43,1,1.64,0,0,0,0,0,0,0,0,0,0,0,0,0,0,0,0,0,0,0,0,0,0,0,0,0,0,0,0,0,0,4,0.45,9,0.48,0,0,0,0,4,2.4,0,0,0,0,0,0,0,0,0,0,1,2.56,0,0,1,2.86,0,0,0,0,0,0,0,0,0,0,3,0.93,0,0,0,0,0,0,0,0,0,0,1,50,0,0,0,0,0,0,3,1.29,4,1.07,1,0.58,0,0,0,0,3,2.36,0,0,0,0,0,0,0,0,0,0,0,0,0,0,0,0,1,3.45,0,0,0,0,0,0,2,0.75,0,0,0,0,0,0,0,0,0,0,0,0,0,0,0,0,0,0,2,0.77,0,0,0,0,0,0,0,0,1,4.55,0,0,0,0,0,0,0,0,0,0,0,0,0,0,0,0,0,0,0,0,1,0.64,3,0.13,0,0,0,0,0,0,0,0,0,0,0,0,0,0,0,0,0,0,0,0,0,0,0,0,0,0,0,0,0,0,0,0,1,0.56,0,0,0,0,0,0,0,0,0,0,0,0,0,0,0,0,0,0,0,0,0,0,0,0,0,0,0,0,0,0,0,0,0,0,0,0,0,0,0,0,0,0,0,0,1,1.14,0,0,0,0,0,0,0,0,0,0,0,0,0,0,0,0,0,0,0,0,0,0,0,0,0,0,0,0,0,0,0,0,0,0,0,0,0,0,0,0,0,0,1,0.06,0,0,0,0,0,0,0,0,0,0,0,0,0,0,0,0,0,0,1,0.2,1,0.5,1,0.54,0,0,0,0,0,0,0,0,0,0,0,0,0,0,0,0,0,0,0,0,0,0,0,0,0,0,0,0,0,0,0,0,0,0,0,0,0,0,0,0,0,0,0,0,0,0,0,0,0,0,0,0,0,0,0,0,0,0,0,0,0,0,0,0,0,0,0,0,0,0,0,0,0,0,0,0,0,0,0,0,0,0,0,0,0,0,0,0,0,0,0,0,0,0,0,0,0,0,0,0,0,0,0,0,0,0,1,2.33,0,0,0,0,0,0,0,0,0,0,0,0,0,0,0,0,0,0,0,0,0,0,0,0,0,0,0,0,0,0,0,0,0,0,0,0,0,0,1,2.7,0,0,0,0,0,0,0,0,0,0,0,0,0,0,0,0,1,1.79,0,0,0,0,0,0,0,0,0,0,0,0,0,0,0,0,0,0,2,2.78,0,0,0,0,0,0,0,0,0,0,0,0,0,0,1,0.18
ASSAULT OFFENSES,4148,10.21,6,12,34,8.99,10,5.81,25,8.42,98,12.63,48,9.86,19,6.81,63,9.63,2,6.67,6,18.18,11,13.1,19,13.97,5,13.51,16,3.95,10,15.38,26,4.27,323,7.31,10,4.24,92,6.86,11,4.33,13,5.18,30,4.69,19,20.21,7,2.55,51,12.59,93,9.14,7,6.73,63,18.1,0,0,39,23.93,6,13.64,20,16.39,2,10.53,2,20,9,10,25,9.33,8,9.3,4,8.89,4,8.33,9,7.03,7,5.47,45,16.92,33,5.05,63,6.67,42,14.38,11,13.25,11,13.25,9,18.37,99,20.12,18,14.52,21,30.88,48,21.92,8,12.9,43,18.7,0,0,8,10.13,14,15.56,0,0,11,20.37,10,18.87,1,14.29,18,9.52,6,7.89,5,7.58,0,0,12,7.5,0,0,9,8.33,17,4.11,9,16.67,19,11.52,11,10.89,19,18.63,41,20.1,21,18.1,20,13.99,16,14.95,2,10,6,15,11,11.58,4,18.18,17,13.08,2,11.76,10,7.87,1,2.27,1,25,3,9.09,44,9.32,6,6.59,10,9.71,17,9.94,6,6.67,6,7.79,0,0,83,9.67,33,17.93,30,12.35,81,17.46,2,14.29,7,16.28,93,23.66,5,16.13,30,12.82,8,13.11,0,0,9,10.84,33,17.1,6,16.22,8,18.18,8,19.51,1,3.33,19,8.41,8,7.77,5,9.43,2,6.25,1,2.13,17,20.24,4,7.14,12,13.79,105,11.82,229,12.25,0,0,7,35,29,17.37,4,19.05,6,20.69,3,30,8,8.7,0,0,1,2.56,1,3.7,2,5.71,1,4.35,8,6.67,0,0,8,15.09,6,14.63,25,7.76,9,9.47,4,4.71,0,0,2,2.86,1,25,1,50,3,11.11,1,7.69,0,0,35,15.02,74,19.84,18,10.47,12,19.35,13,13.13,20,15.75,16,12.9,12,17.39,3,11.11,4,13.79,0,0,0,0,1,14.29,5,16.13,5,17.24,2,9.52,6,25,6,10,33,12.45,17,10,1,11.11,1,7.69,3,6.12,1,3.03,6,3.49,6,20,0,0,0,0,31,11.88,5,13.51,4,9.52,2,5,2,11.76,3,13.64,2,22.22,4,10,8,12.31,1,20,1,3.45,0,0,0,0,2,9.09,1,6.25,0,0,11,7.05,258,11.38,0,0,5,9.62,1,2.08,0,0,2,10,1,4.17,1,3.45,1,2.38,0,0,0,0,2,3.92,4,12.5,1,4.17,1,7.14,1,3.85,2,25,32,18.08,2,8.33,1,5.56,0,0,1,3.03,1,11.11,8,14.81,5,3.6,8,4.79,0,0,0,0,4,8.51,6,5.56,19,6.05,0,0,0,0,23,9.54,0,0,0,0,6,6.32,0,0,0,0,0,0,8,9.09,11,9.24,0,0,8,6.61,3,7.14,1,33.33,0,0,2,16.67,1,9.09,0,0,1,3.23,1,1.89,0,0,0,0,3,9.68,3,23.08,0,0,2,3.28,1,4.35,2,22.22,4,16,0,0,152,8.62,1,11.11,0,0,2,5.88,3,12.5,5,8.47,3,6.25,0,0,9,10,2,15.38,56,11.36,7,3.47,23,12.5,2,4.65,5,12.5,1,2.94,0,0,1,0.85,0,0,0,0,0,0,2,3.08,2,3.33,1,3.85,0,0,3,7.69,0,0,3,6.67,1,25,0,0,0,0,2,8.33,0,0,2,3.64,0,0,0,0,0,0,0,0,0,0,0,0,3,4.76,0,0,0,0,0,0,0,0,20,16.95,7,14.58,1,2.56,6,18.75,4,13.79,0,0,0,0,0,0,0,0,3,8.33,0,0,13,6.81,1,4.55,9,7.56,4,9.52,0,0,0,0,15,6.05,0,0,0,0,0,0,2,4.65,1,6.67,0,0,0,0,0,0,0,0,0,0,0,0,6,8.82,5,10.42,0,0,0,0,19,12.84,0,0,0,0,0,0,1,25,0,0,0,0,0,0,4,10.81,1,3.12,0,0,1,16.67,2,25,0,0,3,11.11,3,16.67,1,7.14,6,10.71,6,33.33,11,14.1,3,7.32,0,0,1,4.55,0,0,0,0,0,0,0,0,21,29.17,2,11.11,11,9.24,18,14.29,0,0,1,3.85,0,0,13,3.15,70,12.77
BRIBERY,1,0,0,0,0,0,0,0,0,0,0,0,0,0,0,0,0,0,0,0,0,0,0,0,0,0,0,0,0,0,0,0,0,0,0,0,0,0,0,0,0,0,0,0,0,0,0,0,0,0,0,0,0,0,0,0,0,0,0,0,0,0,0,0,0,0,0,0,0,0,0,0,0,0,0,0,0,0,0,0,0,0,0,0,0,0,0,0,0,0,0,0,0,0,0,0,0,0,0,0,0,0,0,0,0,0,0,0,0,0,0,0,0,0,0,0,0,0,0,0,0,0,0,0,0,0,0,0,0,0,0,0,0,0,0,0,0,0,0,0,0,0,0,0,0,0,0,0,0,0,0,0,0,0,0,0,0,0,0,0,0,0,0,0,0,0,0,0,0,0,0,0,0,0,0,0,1,0.21,0,0,0,0,0,0,0,0,0,0,0,0,0,0,0,0,0,0,0,0,0,0,0,0,0,0,0,0,0,0,0,0,0,0,0,0,0,0,0,0,0,0,0,0,0,0,0,0,0,0,0,0,0,0,0,0,0,0,0,0,0,0,0,0,0,0,0,0,0,0,0,0,0,0,0,0,0,0,0,0,0,0,0,0,0,0,0,0,0,0,0,0,0,0,0,0,0,0,0,0,0,0,0,0,0,0,0,0,0,0,0,0,0,0,0,0,0,0,0,0,0,0,0,0,0,0,0,0,0,0,0,0,0,0,0,0,0,0,0,0,0,0,0,0,0,0,0,0,0,0,0,0,0,0,0,0,0,0,0,0,0,0,0,0,0,0,0,0,0,0,0,0,0,0,0,0,0,0,0,0,0,0,0,0,0,0,0,0,0,0,0,0,0,0,0,0,0,0,0,0,0,0,0,0,0,0,0,0,0,0,0,0,0,0,0,0,0,0,0,0,0,0,0,0,0,0,0,0,0,0,0,0,0,0,0,0,0,0,0,0,0,0,0,0,0,0,0,0,0,0,0,0,0,0,0,0,0,0,0,0,0,0,0,0,0,0,0,0,0,0,0,0,0,0,0,0,0,0,0,0,0,0,0,0,0,0,0,0,0,0,0,0,0,0,0,0,0,0,0,0,0,0,0,0,0,0,0,0,0,0,0,0,0,0,0,0,0,0,0,0,0,0,0,0,0,0,0,0,0,0,0,0,0,0,0,0,0,0,0,0,0,0,0,0,0,0,0,0,0,0,0,0,0,0,0,0,0,0,0,0,0,0,0,0,0,0,0,0,0,0,0,0,0,0,0,0,0,0,0,0,0,0,0,0,0,0,0,0,0,0,0,0,0,0,0,0,0,0,0,0,0,0,0,0,0,0,0,0,0,0,0,0,0,0,0,0,0,0,0,0,0,0,0,0,0,0,0,0,0,0,0,0,0,0,0,0,0,0,0,0,0,0,0,0,0,0,0,0,0,0,0,0,0,0,0,0,0,0,0,0,0,0,0,0,0,0,0,0,0,0,0,0,0,0,0,0,0,0,0,0,0,0,0,0,0,0,0,0,0,0,0,0,0,0,0,0,0,0,0,0,0,0,0,0,0,0,0,0,0,0,0,0,0,0,0,0,0,0,0,0,0,0,0,0,0,0,0,0,0,0,0,0,0,0,0,0,0,0,0,0,0,0,0,0,0,0,0,0,0,0,0,0,0,0,0,0,0,0,0,0
BURGLARY/ BREAKING & ENTERING,3770,9.28,0,0,10,2.65,11,6.4,23,7.74,30,3.87,29,5.95,11,3.94,27,4.13,1,3.33,6,18.18,5,5.95,15,11.03,3,8.11,45,11.11,1,1.54,48,7.88,422,9.55,14,5.93,95,7.08,19,7.48,17,6.77,39,6.09,11,11.7,30,10.91,13,3.21,59,5.8,6,5.77,22,6.32,1,8.33,6,3.68,7,15.91,17,13.93,4,21.05,3,30,2,2.22,20,7.46,10,11.63,5,11.11,4,8.33,15,11.72,14,10.94,40,15.04,48,7.35,82,8.69,21,7.19,6,7.23,9,10.84,5,10.2,44,8.94,5,4.03,10,14.71,15,6.85,4,6.45,35,15.22,3,25,11,13.92,5,5.56,0,0,11,20.37,6,11.32,1,14.29,11,5.82,12,15.79,15,22.73,2,33.33,16,10,1,14.29,12,11.11,41,9.9,7,12.96,23,13.94,38,37.62,9,8.82,21,10.29,9,7.76,22,15.38,10,9.35,4,20,7,17.5,11,11.58,0,0,17,13.08,1,5.88,25,19.69,1,2.27,0,0,4,12.12,52,11.02,7,7.69,10,9.71,18,10.53,7,7.78,10,12.99,0,0,65,7.58,20,10.87,27,11.11,27,5.82,5,35.71,13,30.23,31,7.89,2,6.45,14,5.98,1,1.64,3,10,6,7.23,11,5.7,2,5.41,5,11.36,5,12.2,2,6.67,29,12.83,17,16.5,12,22.64,4,12.5,4,8.51,6,7.14,6,10.71,13,14.94,112,12.61,252,13.48,0,0,0,0,16,9.58,3,14.29,2,6.9,0,0,5,5.43,0,0,4,10.26,1,3.7,2,5.71,0,0,11,9.17,2,10,5,9.43,3,7.32,36,11.18,1,1.05,21,24.71,1,33.33,9,12.86,0,0,0,0,3,11.11,0,0,3,27.27,18,7.73,45,12.06,5,2.91,4,6.45,12,12.12,11,8.66,8,6.45,5,7.25,0,0,1,3.45,0,0,0,0,1,14.29,2,6.45,3,10.34,6,28.57,1,4.17,2,3.33,11,4.15,17,10,0,0,3,23.08,9,18.37,3,9.09,24,13.95,2,6.67,1,25,0,0,21,8.05,0,0,1,2.38,1,2.5,6,35.29,4,18.18,0,0,2,5,5,7.69,1,20,0,0,0,0,0,0,1,4.55,0,0,1,10,6,3.85,218,9.61,2,18.18,9,17.31,4,8.33,2,12.5,2,10,2,8.33,4,13.79,5,11.9,1,25,0,0,12,23.53,4,12.5,5,20.83,3,21.43,4,15.38,0,0,12,6.78,2,8.33,1,5.56,1,100,4,12.12,0,0,6,11.11,21,15.11,12,7.19,1,5.88,0,0,3,6.38,4,3.7,21,6.69,2,9.09,4,18.18,22,9.13,2,11.76,2,25,19,20,3,33.33,3,21.43,3,33.33,21,23.86,18,15.13,0,0,6,4.96,3,7.14,0,0,0,0,0,0,2,18.18,2,6.9,1,3.23,7,13.21,0,0,1,14.29,3,9.68,2,15.38,1,25,4,6.56,4,17.39,0,0,2,8,4,25,141,8,0,0,0,0,2,5.88,1,4.17,4,6.78,7,14.58,3,13.04,8,8.89,5,38.46,49,9.94,37,18.32,23,12.5,3,6.98,4,10,3,8.82,0,0,28,23.93,1,25,2,40,0,0,7,10.77,7,11.67,3,11.54,0,0,2,5.13,0,0,6,13.33,1,25,1,12.5,3,42.86,0,0,4,25,6,10.91,2,20,1,16.67,0,0,4,11.43,2,28.57,1,20,6,9.52,4,40,3,8.57,0,0,0,0,20,16.95,5,10.42,4,10.26,0,0,0,0,1,16.67,0,0,0,0,0,0,5,13.89,0,0,24,12.57,0,0,18,15.13,10,23.81,1,7.14,3,20,16,6.45,3,10,0,0,1,5.26,0,0,1,6.67,2,16.67,0,0,2,50,0,0,0,0,0,0,8,11.76,4,8.33,0,0,0,0,8,5.41,0,0,0,0,0,0,1,25,0,0,0,0,0,0,1,2.7,8,25,0,0,0,0,0,0,0,0,6,22.22,1,5.56,0,0,5,8.93,2,11.11,3,3.85,2,4.88,1,20,3,13.64,1,25,1,14.29,0,0,0,0,7,9.72,0,0,11,9.24,7,5.56,2,7.14,0,0,0,0,55,13.32,53,9.67
COUNTERFEITING / FORGERY,147,0.36,0,0,3,0.79,0,0,1,0.34,1,0.13,1,0.21,0,0,5,0.76,0,0,0,0,0,0,0,0,0,0,2,0.49,0,0,1,0.16,18,0.41,1,0.42,7,0.52,0,0,0,0,2,0.31,0,0,0,0,2,0.49,2,0.2,0,0,1,0.29,1,8.33,0,0,2,4.55,0,0,0,0,0,0,0,0,0,0,0,0,0,0,0,0,0,0,0,0,1,0.38,5,0.77,2,0.21,5,1.71,0,0,0,0,0,0,0,0,0,0,0,0,0,0,0,0,0,0,0,0,0,0,0,0,0,0,0,0,0,0,0,0,3,1.59,0,0,0,0,0,0,2,1.25,0,0,1,0.93,0,0,0,0,0,0,1,0.99,0,0,1,0.49,0,0,0,0,0,0,0,0,0,0,0,0,0,0,1,0.77,0,0,1,0.79,1,2.27,0,0,0,0,1,0.21,0,0,0,0,1,0.58,0,0,0,0,0,0,4,0.47,0,0,1,0.41,0,0,0,0,0,0,0,0,0,0,2,0.85,1,1.64,0,0,0,0,0,0,0,0,0,0,0,0,0,0,1,0.44,1,0.97,0,0,0,0,0,0,0,0,1,1.79,0,0,0,0,5,0.27,0,0,0,0,0,0,0,0,0,0,0,0,0,0,0,0,0,0,0,0,0,0,0,0,0,0,0,0,1,1.89,0,0,1,0.31,0,0,1,1.18,0,0,0,0,0,0,0,0,0,0,0,0,0,0,1,0.43,1,0.27,0,0,0,0,0,0,0,0,0,0,0,0,0,0,0,0,0,0,0,0,0,0,0,0,0,0,0,0,0,0,0,0,2,0.75,3,1.76,0,0,0,0,0,0,0,0,0,0,0,0,0,0,0,0,2,0.77,0,0,0,0,0,0,0,0,0,0,0,0,1,2.5,0,0,0,0,0,0,0,0,0,0,0,0,0,0,0,0,0,0,13,0.57,0,0,0,0,0,0,0,0,0,0,0,0,0,0,0,0,0,0,0,0,1,1.96,0,0,0,0,0,0,0,0,0,0,1,0.56,0,0,0,0,0,0,0,0,0,0,0,0,0,0,0,0,0,0,0,0,0,0,0,0,1,0.32,0,0,0,0,4,1.66,0,0,0,0,0,0,0,0,0,0,0,0,0,0,0,0,0,0,0,0,0,0,0,0,0,0,0,0,0,0,0,0,0,0,0,0,0,0,0,0,0,0,0,0,0,0,0,0,0,0,1,11.11,0,0,0,0,14,0.79,0,0,0,0,0,0,0,0,0,0,1,2.08,0,0,1,1.11,0,0,2,0.41,0,0,0,0,0,0,1,2.5,0,0,0,0,0,0,0,0,0,0,0,0,0,0,0,0,0,0,0,0,0,0,0,0,1,2.22,0,0,0,0,0,0,0,0,0,0,2,3.64,0,0,0,0,0,0,0,0,0,0,0,0,2,3.17,0,0,1,2.86,1,8.33,0,0,0,0,0,0,0,0,0,0,0,0,0,0,0,0,0,0,0,0,0,0,0,0,1,0.52,0,0,2,1.68,0,0,0,0,0,0,2,0.81,0,0,0,0,0,0,0,0,0,0,0,0,0,0,0,0,0,0,0,0,0,0,0,0,1,2.08,0,0,0,0,2,1.35,0,0,0,0,1,14.29,0,0,0,0,0,0,0,0,1,2.7,0,0,0,0,0,0,0,0,0,0,0,0,0,0,0,0,0,0,0,0,0,0,0,0,0,0,0,0,0,0,0,0,0,0,0,0,0,0,0,0,0,0,0,0,0,0,0,0,0,0,0,0,2,0.36
DESTRUCTION/ DAMAGE/ VANDALISM OF PROPERTY,4823,11.87,7,14,30,7.94,34,19.77,42,14.14,91,11.73,47,9.65,25,8.96,39,5.96,2,6.67,1,3.03,13,15.48,11,8.09,2,5.41,26,6.42,9,13.85,66,10.84,419,9.48,15,6.36,108,8.05,22,8.66,17,6.77,57,8.91,27,28.72,20,7.27,30,7.41,123,12.09,21,20.19,56,16.09,0,0,7,4.29,7,15.91,19,15.57,4,21.05,1,10,17,18.89,18,6.72,6,6.98,4,8.89,4,8.33,7,5.47,6,4.69,34,12.78,51,7.81,91,9.64,36,12.33,11,13.25,8,9.64,4,8.16,76,15.45,14,11.29,10,14.71,32,14.61,7,11.29,25,10.87,1,8.33,10,12.66,8,8.89,0,0,4,7.41,7,13.21,1,14.29,11,5.82,7,9.21,4,6.06,0,0,12,7.5,2,28.57,8,7.41,28,6.76,5,9.26,17,10.3,6,5.94,19,18.63,42,20.59,31,26.72,24,16.78,18,16.82,5,25,9,22.5,15,15.79,1,4.55,9,6.92,2,11.76,14,11.02,3,6.82,0,0,0,0,40,8.47,10,10.99,10,9.71,10,5.85,8,8.89,7,9.09,1,50,108,12.59,28,15.22,32,13.17,72,15.52,3,21.43,7,16.28,69,17.56,7,22.58,34,14.53,6,9.84,2,6.67,13,15.66,39,20.21,12,32.43,8,18.18,6,14.63,3,10,17,7.52,10,9.71,7,13.21,1,3.12,7,14.89,10,11.9,9,16.07,22,25.29,168,18.92,275,14.71,0,0,4,20,23,13.77,5,23.81,8,27.59,0,0,17,18.48,2,13.33,2,5.13,1,3.7,6,17.14,5,21.74,16,13.33,2,10,7,13.21,5,12.2,25,7.76,9,9.47,5,5.88,0,0,3,4.29,1,25,0,0,0,0,0,0,0,0,35,15.02,54,14.48,16,9.3,15,24.19,11,11.11,18,14.17,15,12.1,3,4.35,4,14.81,5,17.24,0,0,2,18.18,0,0,4,12.9,3,10.34,2,9.52,1,4.17,13,21.67,37,13.96,23,13.53,2,22.22,0,0,5,10.2,2,6.06,15,8.72,1,3.33,1,25,0,0,51,19.54,6,16.22,9,21.43,9,22.5,1,5.88,4,18.18,1,11.11,10,25,13,20,0,0,4,13.79,0,0,0,0,0,0,2,12.5,2,20,13,8.33,289,12.74,0,0,2,3.85,2,4.17,1,6.25,1,5,2,8.33,2,6.9,3,7.14,0,0,0,0,2,3.92,3,9.38,3,12.5,1,7.14,1,3.85,0,0,25,14.12,7,29.17,3,16.67,0,0,4,12.12,1,11.11,5,9.26,16,11.51,16,9.58,0,0,0,0,2,4.26,7,6.48,33,10.51,2,9.09,3,13.64,29,12.03,1,5.88,1,12.5,11,11.58,0,0,1,7.14,3,33.33,12,13.64,14,11.76,1,20,31,25.62,6,14.29,1,33.33,1,50,1,8.33,1,9.09,3,10.34,5,16.13,13,24.53,0,0,0,0,0,0,0,0,0,0,2,3.28,2,8.7,1,11.11,9,36,2,12.5,220,12.48,1,11.11,0,0,1,2.94,2,8.33,15,25.42,3,6.25,3,13.04,2,2.22,1,7.69,94,19.07,12,5.94,22,11.96,8,18.6,7,17.5,4,11.76,0,0,14,11.97,1,25,0,0,0,0,12,18.46,10,16.67,1,3.85,0,0,2,5.13,3,60,6,13.33,1,25,0,0,0,0,1,4.17,2,12.5,8,14.55,1,10,1,16.67,0,0,5,14.29,1,14.29,1,20,5,7.94,0,0,2,5.71,1,8.33,0,0,19,16.1,10,20.83,5,12.82,1,3.12,5,17.24,2,33.33,1,100,1,100,1,25,3,8.33,0,0,19,9.95,4,18.18,9,7.56,5,11.9,1,7.14,1,6.67,19,7.66,4,13.33,1,100,1,5.26,5,11.63,6,40,1,8.33,2,12.5,0,0,1,100,1,11.11,1,16.67,11,16.18,4,8.33,0,0,1,6.25,23,15.54,0,0,2,9.52,0,0,0,0,1,100,3,60,1,20,5,13.51,6,18.75,1,33.33,2,33.33,1,12.5,3,37.5,1,3.7,4,22.22,3,21.43,9,16.07,1,5.56,14,17.95,4,9.76,1,20,2,9.09,0,0,1,14.29,0,0,0,0,11,15.28,1,5.56,19,15.97,11,8.73,2,7.14,4,15.38,1,20,18,4.36,81,14.78
DRUG/ NARCOTIC VIOLATIONS,2641,6.5,4,8,30,7.94,9,5.23,13,4.38,30,3.87,11,2.26,10,3.58,262,40.06,4,13.33,6,18.18,10,11.9,2,1.47,1,2.7,18,4.44,17,26.15,7,1.15,78,1.76,3,1.27,24,1.79,4,1.57,2,0.8,18,2.81,5,5.32,4,1.45,23,5.68,50,4.92,9,8.65,45,12.93,1,8.33,41,25.15,3,6.82,9,7.38,1,5.26,1,10,3,3.33,10,3.73,4,4.65,0,0,1,2.08,16,12.5,11,8.59,31,11.65,10,1.53,46,4.87,14,4.79,12,14.46,9,10.84,3,6.12,75,15.24,20,16.13,4,5.88,39,17.81,18,29.03,17,7.39,1,8.33,17,21.52,24,26.67,4,23.53,7,12.96,9,16.98,0,0,0,0,3,3.95,16,24.24,0,0,3,1.88,0,0,5,4.63,10,2.42,7,12.96,11,6.67,3,2.97,7,6.86,17,8.33,10,8.62,7,4.9,15,14.02,4,20,5,12.5,3,3.16,2,9.09,10,7.69,1,5.88,15,11.81,5,11.36,0,0,4,12.12,15,3.18,1,1.1,2,1.94,5,2.92,1,1.11,7,9.09,0,0,31,3.61,15,8.15,10,4.12,43,9.27,0,0,1,2.33,47,11.96,4,12.9,14,5.98,0,0,4,13.33,0,0,10,5.18,2,5.41,4,9.09,2,4.88,2,6.67,11,4.87,4,3.88,3,5.66,4,12.5,0,0,4,4.76,1,1.79,4,4.6,61,6.87,182,9.73,0,0,1,5,26,15.57,5,23.81,4,13.79,2,20,1,1.09,0,0,2,5.13,2,7.41,1,2.86,1,4.35,20,16.67,7,35,16,30.19,7,17.07,18,5.59,1,1.05,0,0,0,0,1,1.43,0,0,0,0,1,3.7,2,15.38,0,0,16,6.87,57,15.28,7,4.07,3,4.84,21,21.21,15,11.81,11,8.87,7,10.14,1,3.7,5,17.24,0,0,0,0,1,14.29,1,3.23,2,6.9,1,4.76,0,0,3,5,25,9.43,5,2.94,0,0,0,0,0,0,0,0,3,1.74,0,0,0,0,0,0,15,5.75,3,8.11,1,2.38,1,2.5,0,0,1,4.55,0,0,1,2.5,0,0,0,0,0,0,1,6.25,0,0,1,4.55,0,0,1,10,9,5.77,216,9.52,1,9.09,1,1.92,0,0,0,0,0,0,0,0,0,0,1,2.38,0,0,0,0,0,0,2,6.25,3,12.5,0,0,2,7.69,0,0,26,14.69,1,4.17,0,0,0,0,0,0,0,0,1,1.85,0,0,1,0.6,1,5.88,0,0,2,4.26,2,1.85,7,2.23,0,0,1,4.55,6,2.49,0,0,0,0,3,3.16,1,11.11,0,0,0,0,6,6.82,11,9.24,1,20,4,3.31,0,0,0,0,0,0,0,0,1,9.09,2,6.9,4,12.9,0,0,0,0,0,0,0,0,1,7.69,0,0,0,0,0,0,0,0,0,0,0,0,52,2.95,1,11.11,0,0,0,0,2,8.33,1,1.69,1,2.08,2,8.7,17,18.89,0,0,17,3.45,3,1.49,14,7.61,6,13.95,3,7.5,7,20.59,0,0,5,4.27,0,0,0,0,0,0,1,1.54,0,0,0,0,3,20,1,2.56,0,0,1,2.22,0,0,1,12.5,0,0,0,0,0,0,3,5.45,0,0,0,0,1,50,1,2.86,0,0,0,0,1,1.59,0,0,0,0,0,0,0,0,5,4.24,2,4.17,2,5.13,1,3.12,2,6.9,0,0,0,0,0,0,0,0,1,2.78,0,0,7,3.66,0,0,3,2.52,1,2.38,1,7.14,0,0,5,2.02,2,6.67,0,0,0,0,0,0,0,0,1,8.33,1,6.25,0,0,0,0,0,0,0,0,1,1.47,1,2.08,0,0,1,6.25,14,9.46,0,0,0,0,0,0,0,0,0,0,0,0,0,0,3,8.11,1,3.12,0,0,1,16.67,0,0,0,0,1,3.7,1,5.56,1,7.14,14,25,2,11.11,8,10.26,1,2.44,0,0,2,9.09,1,25,0,0,0,0,0,0,9,12.5,1,5.56,10,8.4,23,18.25,1,3.57,5,19.23,0,0,5,1.21,31,5.66
EMBEZZELMENT,155,0.38,0,0,2,0.53,0,0,3,1.01,7,0.9,0,0,1,0.36,5,0.76,0,0,0,0,0,0,0,0,0,0,1,0.25,0,0,1,0.16,11,0.25,1,0.42,1,0.07,0,0,0,0,5,0.78,0,0,0,0,2,0.49,1,0.1,0,0,2,0.57,0,0,1,0.61,0,0,0,0,0,0,0,0,0,0,0,0,0,0,0,0,0,0,8,6.25,0,0,0,0,2,0.31,3,0.32,2,0.68,0,0,0,0,0,0,0,0,0,0,0,0,0,0,0,0,0,0,0,0,0,0,0,0,0,0,0,0,1,1.89,0,0,2,1.06,0,0,1,1.52,0,0,1,0.62,0,0,0,0,1,0.24,0,0,0,0,0,0,0,0,1,0.49,0,0,0,0,0,0,0,0,0,0,0,0,0,0,2,1.54,0,0,0,0,0,0,0,0,0,0,2,0.42,0,0,0,0,1,0.58,0,0,0,0,0,0,5,0.58,0,0,0,0,2,0.43,0,0,0,0,2,0.51,0,0,0,0,0,0,0,0,0,0,2,1.04,0,0,0,0,1,2.44,0,0,1,0.44,1,0.97,0,0,0,0,0,0,0,0,0,0,1,1.15,6,0.68,3,0.16,0,0,0,0,2,1.2,0,0,0,0,0,0,2,2.17,0,0,0,0,0,0,0,0,1,4.35,1,0.83,0,0,0,0,0,0,0,0,1,1.05,0,0,0,0,0,0,0,0,0,0,1,3.7,0,0,0,0,1,0.43,3,0.8,2,1.16,0,0,1,1.01,1,0.79,0,0,0,0,0,0,0,0,0,0,0,0,0,0,0,0,0,0,1,4.76,0,0,0,0,0,0,1,0.59,0,0,0,0,0,0,0,0,0,0,0,0,0,0,0,0,1,0.38,0,0,0,0,0,0,0,0,0,0,0,0,0,0,0,0,0,0,0,0,0,0,0,0,0,0,0,0,0,0,11,7.05,9,0.4,0,0,1,1.92,0,0,0,0,0,0,0,0,0,0,0,0,0,0,0,0,1,1.96,0,0,0,0,0,0,0,0,0,0,0,0,0,0,0,0,0,0,0,0,0,0,0,0,0,0,0,0,0,0,0,0,1,2.13,0,0,0,0,0,0,0,0,3,1.24,0,0,0,0,0,0,0,0,0,0,0,0,1,1.14,0,0,0,0,0,0,0,0,0,0,0,0,0,0,0,0,0,0,0,0,0,0,0,0,0,0,0,0,0,0,0,0,1,1.64,0,0,0,0,0,0,0,0,8,0.45,0,0,0,0,0,0,0,0,0,0,0,0,0,0,1,1.11,0,0,1,0.2,1,0.5,0,0,0,0,0,0,0,0,0,0,0,0,0,0,0,0,0,0,0,0,0,0,0,0,1,6.67,0,0,0,0,0,0,0,0,0,0,0,0,0,0,0,0,1,1.82,0,0,0,0,0,0,0,0,0,0,0,0,0,0,0,0,0,0,0,0,0,0,1,0.85,0,0,0,0,0,0,0,0,0,0,0,0,0,0,0,0,0,0,0,0,0,0,0,0,0,0,0,0,0,0,0,0,1,0.4,0,0,0,0,0,0,0,0,0,0,0,0,0,0,0,0,0,0,0,0,0,0,1,1.47,0,0,0,0,0,0,2,1.35,0,0,1,4.76,0,0,0,0,0,0,0,0,0,0,0,0,1,3.12,0,0,0,0,0,0,0,0,1,3.7,0,0,0,0,0,0,0,0,0,0,0,0,0,0,0,0,0,0,0,0,0,0,0,0,0,0,0,0,0,0,1,0.79,0,0,0,0,0,0,2,0.48,0,0
FRAUD OFFENSES,760,1.87,4,8,12,3.17,2,1.16,10,3.37,32,4.12,8,1.64,6,2.15,21,3.21,0,0,3,9.09,3,3.57,1,0.74,0,0,5,1.23,0,0,7,1.15,64,1.45,0,0,31,2.31,7,2.76,5,1.99,13,2.03,0,0,3,1.09,6,1.48,19,1.87,1,0.96,6,1.72,0,0,1,0.61,0,0,2,1.64,0,0,0,0,4,4.44,4,1.49,3,3.49,0,0,1,2.08,3,2.34,1,0.78,8,3.01,11,1.68,8,0.85,6,2.05,2,2.41,3,3.61,1,2.04,5,1.02,1,0.81,0,0,1,0.46,0,0,3,1.3,0,0,0,0,1,1.11,0,0,0,0,0,0,0,0,3,1.59,3,3.95,4,6.06,1,16.67,0,0,1,14.29,2,1.85,11,2.66,0,0,0,0,0,0,0,0,5,2.45,0,0,1,0.7,1,0.93,1,5,2,5,3,3.16,0,0,5,3.85,0,0,1,0.79,0,0,1,25,0,0,9,1.91,1,1.1,3,2.91,4,2.34,6,6.67,1,1.3,0,0,11,1.28,3,1.63,6,2.47,3,0.65,0,0,1,2.33,5,1.27,1,3.23,0,0,0,0,1,3.33,0,0,1,0.52,0,0,1,2.27,0,0,1,3.33,4,1.77,0,0,1,1.89,0,0,0,0,0,0,0,0,0,0,12,1.35,33,1.76,0,0,0,0,4,2.4,0,0,0,0,0,0,0,0,0,0,1,2.56,0,0,0,0,2,8.7,0,0,0,0,1,1.89,0,0,5,1.55,6,6.32,2,2.35,0,0,3,4.29,0,0,0,0,0,0,0,0,0,0,10,4.29,3,0.8,4,2.33,2,3.23,3,3.03,3,2.36,1,0.81,3,4.35,3,11.11,0,0,0,0,1,9.09,0,0,1,3.23,0,0,0,0,1,4.17,0,0,3,1.13,3,1.76,0,0,0,0,1,2.04,3,9.09,4,2.33,0,0,0,0,0,0,1,0.38,0,0,1,2.38,1,2.5,1,5.88,1,4.55,0,0,0,0,1,1.54,0,0,0,0,1,6.25,0,0,0,0,0,0,0,0,4,2.56,51,2.25,0,0,1,1.92,2,4.17,0,0,1,5,0,0,1,3.45,1,2.38,0,0,0,0,0,0,0,0,0,0,0,0,0,0,1,12.5,2,1.13,0,0,0,0,0,0,0,0,0,0,0,0,2,1.44,4,2.4,2,11.76,0,0,0,0,1,0.93,7,2.23,1,4.55,0,0,5,2.07,0,0,0,0,3,3.16,0,0,0,0,0,0,0,0,3,2.52,0,0,4,3.31,2,4.76,0,0,0,0,1,8.33,0,0,0,0,1,3.23,1,1.89,1,33.33,1,14.29,2,6.45,0,0,0,0,0,0,1,4.35,0,0,1,4,0,0,35,1.99,0,0,0,0,0,0,0,0,0,0,2,4.17,1,4.35,2,2.22,1,7.69,6,1.22,7,3.47,1,0.54,1,2.33,0,0,1,2.94,0,0,0,0,0,0,0,0,0,0,1,1.54,0,0,1,3.85,1,6.67,0,0,0,0,1,2.22,0,0,1,12.5,0,0,0,0,1,6.25,2,3.64,2,20,0,0,0,0,0,0,0,0,0,0,2,3.17,0,0,1,2.86,1,8.33,0,0,0,0,0,0,4,10.26,2,6.25,1,3.45,0,0,0,0,0,0,0,0,4,11.11,0,0,2,1.05,0,0,3,2.52,1,2.38,1,7.14,0,0,5,2.02,0,0,0,0,1,5.26,5,11.63,0,0,2,16.67,0,0,0,0,0,0,0,0,1,16.67,3,4.41,3,6.25,0,0,5,31.25,7,4.73,0,0,0,0,2,28.57,0,0,0,0,0,0,0,0,2,5.41,0,0,0,0,0,0,0,0,0,0,1,3.7,0,0,1,7.14,0,0,0,0,1,1.28,0,0,0,0,1,4.55,0,0,0,0,0,0,0,0,1,1.39,0,0,2,1.68,1,0.79,2,7.14,0,0,0,0,7,1.69,9,1.64
GAMBLING OFFENSES,22,0.05,0,0,0,0,0,0,0,0,0,0,0,0,0,0,0,0,0,0,0,0,0,0,0,0,0,0,0,0,1,1.54,0,0,0,0,0,0,0,0,0,0,0,0,0,0,0,0,0,0,0,0,0,0,0,0,0,0,0,0,0,0,0,0,0,0,0,0,0,0,0,0,0,0,0,0,0,0,0,0,0,0,0,0,0,0,0,0,0,0,0,0,1,1.2,0,0,1,2.04,1,0.2,1,0.81,0,0,0,0,0,0,0,0,0,0,0,0,0,0,0,0,0,0,0,0,0,0,0,0,0,0,0,0,0,0,0,0,0,0,0,0,0,0,0,0,0,0,0,0,0,0,0,0,0,0,0,0,0,0,0,0,0,0,0,0,0,0,0,0,0,0,0,0,0,0,0,0,0,0,0,0,0,0,0,0,0,0,0,0,0,0,0,0,3,0.35,0,0,0,0,0,0,0,0,0,0,0,0,0,0,0,0,0,0,0,0,0,0,0,0,0,0,0,0,0,0,0,0,0,0,0,0,0,0,0,0,0,0,0,0,0,0,0,0,2,0.23,1,0.05,0,0,0,0,0,0,0,0,0,0,0,0,0,0,0,0,0,0,0,0,0,0,0,0,0,0,0,0,0,0,0,0,0,0,0,0,0,0,0,0,0,0,0,0,0,0,0,0,0,0,0,0,1,0.43,0,0,0,0,0,0,0,0,0,0,0,0,0,0,0,0,0,0,0,0,1,9.09,0,0,0,0,0,0,0,0,0,0,0,0,0,0,0,0,0,0,0,0,0,0,0,0,0,0,0,0,0,0,0,0,0,0,0,0,0,0,0,0,0,0,0,0,0,0,0,0,0,0,0,0,0,0,0,0,0,0,0,0,0,0,0,0,1,0.64,3,0.13,0,0,0,0,0,0,0,0,0,0,0,0,0,0,0,0,0,0,0,0,0,0,0,0,0,0,0,0,0,0,0,0,1,0.56,0,0,0,0,0,0,0,0,0,0,0,0,0,0,0,0,0,0,0,0,0,0,0,0,0,0,0,0,0,0,0,0,0,0,0,0,0,0,0,0,0,0,0,0,0,0,0,0,0,0,0,0,0,0,0,0,0,0,0,0,0,0,0,0,0,0,0,0,0,0,0,0,0,0,0,0,0,0,0,0,0,0,0,0,0,0,0,0,0,0,0,0,0,0,0,0,0,0,0,0,0,0,0,0,0,0,0,0,0,0,0,0,1,0.54,1,2.33,0,0,0,0,0,0,0,0,0,0,0,0,0,0,0,0,0,0,0,0,0,0,0,0,0,0,0,0,0,0,0,0,0,0,0,0,0,0,0,0,0,0,0,0,0,0,0,0,0,0,0,0,0,0,0,0,0,0,0,0,0,0,0,0,0,0,0,0,0,0,0,0,0,0,0,0,0,0,0,0,0,0,0,0,0,0,0,0,0,0,0,0,0,0,0,0,0,0,0,0,0,0,0,0,0,0,0,0,0,0,0,0,0,0,0,0,0,0,0,0,0,0,0,0,0,0,0,0,0,0,0,0,0,0,0,0,0,0,0,0,0,0,0,0,0,0,0,0,0,0,0,0,0,0,0,0,0,0,0,0,0,0,0,0,0,0,2,2.56,0,0,0,0,0,0,0,0,0,0,0,0,0,0,0,0,0,0,0,0,0,0,0,0,0,0,0,0,0,0,1,0.18
HOMICIDE OFFENSES,68,0.17,0,0,0,0,0,0,0,0,0,0,1,0.21,0,0,1,0.15,0,0,0,0,0,0,1,0.74,0,0,0,0,0,0,0,0,1,0.02,0,0,0,0,0,0,0,0,0,0,0,0,0,0,1,0.25,4,0.39,0,0,2,0.57,0,0,1,0.61,0,0,1,0.82,0,0,0,0,0,0,0,0,0,0,0,0,0,0,0,0,1,0.78,4,1.5,0,0,0,0,0,0,0,0,2,2.41,1,2.04,5,1.02,0,0,0,0,3,1.37,0,0,0,0,0,0,0,0,1,1.11,0,0,0,0,1,1.89,0,0,0,0,0,0,0,0,0,0,0,0,0,0,0,0,0,0,0,0,0,0,0,0,0,0,1,0.49,0,0,0,0,0,0,0,0,0,0,0,0,0,0,0,0,0,0,0,0,0,0,0,0,0,0,0,0,0,0,0,0,0,0,0,0,0,0,0,0,1,0.12,3,1.63,1,0.41,1,0.22,0,0,0,0,2,0.51,0,0,3,1.28,0,0,0,0,0,0,0,0,0,0,0,0,0,0,0,0,0,0,0,0,0,0,0,0,0,0,0,0,0,0,0,0,3,0.34,4,0.21,0,0,0,0,1,0.6,0,0,0,0,0,0,1,1.09,0,0,0,0,0,0,0,0,0,0,2,1.67,0,0,0,0,0,0,0,0,0,0,0,0,0,0,0,0,0,0,0,0,0,0,0,0,0,0,1,0.43,0,0,0,0,0,0,0,0,0,0,0,0,0,0,0,0,0,0,0,0,0,0,0,0,0,0,1,3.45,0,0,0,0,0,0,2,0.75,0,0,0,0,0,0,0,0,0,0,0,0,1,3.33,0,0,0,0,0,0,0,0,0,0,0,0,0,0,0,0,0,0,0,0,0,0,0,0,0,0,0,0,0,0,0,0,0,0,0,0,0,0,1,0.04,0,0,0,0,0,0,0,0,0,0,0,0,0,0,0,0,0,0,0,0,0,0,1,3.12,0,0,0,0,0,0,0,0,0,0,0,0,0,0,0,0,0,0,0,0,0,0,0,0,0,0,0,0,0,0,0,0,0,0,0,0,0,0,0,0,1,0.41,0,0,0,0,0,0,0,0,0,0,0,0,0,0,0,0,0,0,0,0,0,0,0,0,0,0,0,0,0,0,0,0,0,0,0,0,0,0,0,0,0,0,0,0,0,0,0,0,0,0,0,0,0,0,0,0,3,0.17,0,0,0,0,0,0,0,0,0,0,0,0,0,0,0,0,0,0,4,0.81,0,0,0,0,0,0,0,0,0,0,0,0,0,0,0,0,0,0,0,0,0,0,0,0,0,0,0,0,0,0,0,0,0,0,0,0,0,0,0,0,0,0,0,0,0,0,0,0,0,0,0,0,0,0,0,0,0,0,0,0,0,0,0,0,0,0,0,0,0,0,0,0,0,0,1,3.12,0,0,0,0,0,0,0,0,0,0,0,0,0,0,0,0,0,0,0,0,0,0,0,0,0,0,0,0,0,0,0,0,0,0,0,0,0,0,0,0,0,0,0,0,0,0,0,0,0,0,0,0,0,0,0,0,0,0,0,0,0,0,0,0,0,0,0,0,0,0,0,0,0,0,0,0,0,0,0,0,0,0,0,0,0,0,0,0,0,0,0,0,0,0,0,0,0,0,0,0,0,0,0,0,0,0,0,0,0,0,0,0,1,1.39,0,0,0,0,0,0,0,0,0,0,0,0,0,0,1,0.18
HUMAN TRAFFICKING,1,0,0,0,0,0,0,0,0,0,0,0,0,0,0,0,0,0,0,0,0,0,0,0,0,0,0,0,0,0,0,0,0,0,0,0,0,0,0,0,0,0,0,0,0,0,0,0,0,0,0,0,0,0,0,0,0,0,0,0,0,0,0,0,0,0,0,0,0,0,0,0,0,0,0,0,0,0,0,0,0,0,0,0,0,0,0,0,0,0,0,0,0,0,0,0,0,0,0,0,0,0,0,0,0,0,0,0,0,0,0,0,0,0,0,0,0,0,0,0,0,0,0,0,0,0,0,0,0,0,0,0,0,0,0,0,0,0,0,0,0,0,0,0,0,0,0,0,0,0,0,0,0,0,0,0,0,0,0,0,0,0,0,0,0,0,0,0,0,0,0,0,0,0,0,0,0,0,0,0,0,0,0,0,0,0,0,0,0,0,0,0,0,0,0,0,0,0,0,0,0,0,0,0,0,0,0,0,0,0,0,0,0,0,0,0,0,0,0,0,0,0,0,0,0,0,0,0,0,0,0,0,0,0,0,0,0,0,0,0,0,0,0,0,0,0,0,0,0,0,0,0,0,0,0,0,0,0,0,0,0,0,0,0,0,0,0,0,0,0,0,0,0,0,0,0,1,0.31,0,0,0,0,0,0,0,0,0,0,0,0,0,0,0,0,0,0,0,0,0,0,0,0,0,0,0,0,0,0,0,0,0,0,0,0,0,0,0,0,0,0,0,0,0,0,0,0,0,0,0,0,0,0,0,0,0,0,0,0,0,0,0,0,0,0,0,0,0,0,0,0,0,0,0,0,0,0,0,0,0,0,0,0,0,0,0,0,0,0,0,0,0,0,0,0,0,0,0,0,0,0,0,0,0,0,0,0,0,0,0,0,0,0,0,0,0,0,0,0,0,0,0,0,0,0,0,0,0,0,0,0,0,0,0,0,0,0,0,0,0,0,0,0,0,0,0,0,0,0,0,0,0,0,0,0,0,0,0,0,0,0,0,0,0,0,0,0,0,0,0,0,0,0,0,0,0,0,0,0,0,0,0,0,0,0,0,0,0,0,0,0,0,0,0,0,0,0,0,0,0,0,0,0,0,0,0,0,0,0,0,0,0,0,0,0,0,0,0,0,0,0,0,0,0,0,0,0,0,0,0,0,0,0,0,0,0,0,0,0,0,0,0,0,0,0,0,0,0,0,0,0,0,0,0,0,0,0,0,0,0,0,0,0,0,0,0,0,0,0,0,0,0,0,0,0,0,0,0,0,0,0,0,0,0,0,0,0,0,0,0,0,0,0,0,0,0,0,0,0,0,0,0,0,0,0,0,0,0,0,0,0,0,0,0,0,0,0,0,0,0,0,0,0,0,0,0,0,0,0,0,0,0,0,0,0,0,0,0,0,0,0,0,0,0,0,0,0,0,0,0,0,0,0,0,0,0,0,0,0,0,0,0,0,0,0,0,0,0,0,0,0,0,0,0,0,0,0,0,0,0,0,0,0,0,0,0,0,0,0,0,0,0,0,0,0,0,0,0,0,0,0,0,0,0,0,0,0,0,0,0,0,0,0,0,0,0,0,0,0,0,0,0,0,0,0,0,0,0,0,0,0,0,0,0,0,0,0,0,0,0,0,0,0,0,0,0,0,0,0,0,0,0,0,0,0,0,0,0,0
KIDNAPPING/ ABDUCTION,14,0.03,0,0,1,0.26,0,0,0,0,0,0,0,0,0,0,1,0.15,0,0,0,0,0,0,0,0,0,0,0,0,0,0,0,0,1,0.02,0,0,0,0,0,0,0,0,1,0.16,0,0,0,0,0,0,0,0,0,0,0,0,0,0,0,0,0,0,0,0,0,0,0,0,0,0,0,0,0,0,0,0,0,0,0,0,0,0,0,0,0,0,1,0.11,0,0,0,0,0,0,0,0,0,0,0,0,0,0,0,0,0,0,0,0,0,0,0,0,0,0,0,0,0,0,0,0,0,0,0,0,0,0,0,0,0,0,0,0,0,0,0,0,0,0,0,0,0,0,0,0,0,0,1,0.49,0,0,0,0,0,0,0,0,0,0,0,0,0,0,0,0,0,0,0,0,0,0,0,0,0,0,0,0,0,0,0,0,0,0,0,0,0,0,0,0,0,0,1,0.54,0,0,0,0,0,0,0,0,0,0,0,0,0,0,0,0,0,0,0,0,0,0,0,0,0,0,0,0,0,0,0,0,0,0,0,0,0,0,0,0,0,0,0,0,0,0,0,0,0,0,0,0,0,0,1,0.6,0,0,0,0,0,0,0,0,0,0,0,0,0,0,0,0,0,0,0,0,0,0,0,0,0,0,0,0,0,0,0,0,0,0,0,0,0,0,0,0,0,0,0,0,0,0,1,0.43,0,0,0,0,0,0,0,0,0,0,0,0,0,0,0,0,0,0,0,0,0,0,0,0,0,0,0,0,0,0,0,0,0,0,0,0,0,0,0,0,0,0,0,0,0,0,0,0,0,0,0,0,0,0,0,0,0,0,0,0,0,0,0,0,0,0,0,0,0,0,0,0,0,0,0,0,0,0,0,0,0,0,0,0,0,0,0,0,2,0.09,0,0,0,0,0,0,0,0,0,0,0,0,0,0,0,0,0,0,0,0,0,0,0,0,0,0,0,0,0,0,0,0,0,0,0,0,0,0,0,0,0,0,0,0,0,0,0,0,0,0,0,0,0,0,0,0,0,0,0,0,0,0,0,0,0,0,0,0,0,0,0,0,0,0,0,0,0,0,0,0,0,0,0,0,0,0,0,0,0,0,0,0,0,0,0,0,0,0,0,0,0,0,0,0,0,0,0,0,0,0,0,0,0,0,0,0,0,0,0,0,0,0,1,0.06,0,0,0,0,0,0,0,0,0,0,0,0,0,0,0,0,0,0,0,0,0,0,0,0,0,0,0,0,0,0,0,0,0,0,0,0,0,0,0,0,0,0,0,0,0,0,0,0,0,0,0,0,0,0,0,0,0,0,0,0,0,0,0,0,0,0,0,0,0,0,0,0,0,0,0,0,0,0,0,0,0,0,0,0,0,0,0,0,0,0,0,0,0,0,0,0,0,0,0,0,0,0,0,0,0,0,0,0,0,0,0,0,0,0,0,0,0,0,0,0,0,0,0,0,0,0,0,0,0,0,0,0,0,0,0,0,0,0,0,0,0,0,0,0,0,0,0,0,0,0,0,0,0,0,0,0,0,0,0,0,0,0,0,0,0,0,0,0,0,0,0,0,0,0,0,0,0,0,0,0,0,0,0,0,1,5.56,0,0,0,0,0,0,0,0,0,0,0,0,0,0,0,0,0,0,0,0,0,0,0,0,0,0,0,0,1,0.79,0,0,0,0,0,0,0,0,1,0.18
LARCENY/ THEFT OFFENSES,15654,38.52,24,48,156,41.27,75,43.6,116,39.06,334,43.04,249,51.13,132,47.31,139,21.25,12,40,5,15.15,21,25,41,30.15,20,54.05,202,49.88,13,20,346,56.81,2249,50.88,111,47.03,754,56.18,146,57.48,154,61.35,367,57.34,21,22.34,170,61.82,208,51.36,476,46.8,41,39.42,90,25.86,7,58.33,33,20.25,12,27.27,36,29.51,7,36.84,2,20,31,34.44,86,32.09,27,31.4,21,46.67,23,47.92,35,27.34,74,57.81,66,24.81,405,62.02,461,48.83,113,38.7,21,25.3,13,15.66,15,30.61,105,21.34,20,16.13,15,22.06,44,20.09,16,25.81,75,32.61,4,33.33,18,22.78,25,27.78,7,41.18,16,29.63,8,15.09,2,28.57,74,39.15,26,34.21,9,13.64,2,33.33,92,57.5,3,42.86,49,45.37,240,57.97,18,33.33,43,26.06,27,26.73,27,26.47,42,20.59,33,28.45,45,31.47,30,28.04,3,15,4,10,17,17.89,8,36.36,39,30,6,35.29,32,25.2,20,45.45,1,25,18,54.55,232,49.15,53,58.24,49,47.57,70,40.94,34,37.78,34,44.16,0,0,265,30.89,46,25,63,25.93,125,26.94,3,21.43,7,16.28,58,14.76,7,22.58,55,23.5,24,39.34,13,43.33,36,43.37,64,33.16,12,32.43,10,22.73,15,36.59,16,53.33,102,45.13,35,33.98,21,39.62,17,53.12,23,48.94,24,28.57,21,37.5,23,26.44,216,24.32,465,24.87,1,100,5,25,36,21.56,2,9.52,5,17.24,3,30,33,35.87,6,40,16,41.03,11,40.74,15,42.86,11,47.83,26,21.67,6,30,8,15.09,11,26.83,141,43.79,52,54.74,37,43.53,2,66.67,45,64.29,2,50,0,0,13,48.15,8,61.54,4,36.36,56,24.03,79,21.18,102,59.3,14,22.58,20,20.2,30,23.62,29,23.39,19,27.54,4,14.81,9,31.03,1,100,1,9.09,4,57.14,13,41.94,6,20.69,5,23.81,6,25,18,30,85,32.08,76,44.71,5,55.56,8,61.54,23,46.94,15,45.45,81,47.09,12,40,1,25,2,50,84,32.18,13,35.14,12,28.57,11,27.5,3,17.65,4,18.18,3,33.33,12,30,24,36.92,0,0,8,27.59,4,25,2,33.33,8,36.36,4,25,2,20,54,34.62,595,26.23,7,63.64,26,50,35,72.92,8,50,12,60,14,58.33,21,72.41,29,69.05,3,75,0,0,27,52.94,14,43.75,10,41.67,8,57.14,14,53.85,3,37.5,44,24.86,7,29.17,4,22.22,0,0,14,42.42,5,55.56,21,38.89,77,55.4,105,62.87,10,58.82,1,50,22,46.81,70,64.81,172,54.78,12,54.55,12,54.55,111,46.06,12,70.59,4,50,39,41.05,5,55.56,10,71.43,3,33.33,28,31.82,38,31.93,2,40,30,24.79,15,35.71,1,33.33,1,50,5,41.67,5,45.45,20,68.97,11,35.48,29,54.72,1,33.33,4,57.14,20,64.52,6,46.15,2,50,47,77.05,11,47.83,4,44.44,7,28,8,50,733,41.58,5,55.56,2,66.67,26,76.47,15,62.5,30,50.85,21,43.75,12,52.17,35,38.89,3,23.08,163,33.06,100,49.5,62,33.7,10,23.26,7,17.5,14,41.18,1,100,58,49.57,2,50,3,60,3,75,31,47.69,27,45,18,69.23,9,60,26,66.67,2,40,24,53.33,1,25,5,62.5,4,57.14,18,75,8,50,26,47.27,3,30,1,16.67,1,50,19,54.29,4,57.14,2,40,36,57.14,6,60,24,68.57,8,66.67,4,80,39,33.05,12,25,21,53.85,14,43.75,15,51.72,3,50,0,0,0,0,3,75,16,44.44,1,100,93,48.69,13,59.09,61,51.26,14,33.33,10,71.43,8,53.33,143,57.66,20,66.67,0,0,16,84.21,28,65.12,7,46.67,6,50,12,75,2,50,0,0,7,77.78,4,66.67,31,45.59,22,45.83,3,100,9,56.25,50,33.78,4,100,14,66.67,3,42.86,1,25,0,0,2,40,4,80,14,37.84,10,31.25,1,33.33,0,0,3,37.5,1,12.5,12,44.44,3,16.67,4,28.57,12,21.43,6,33.33,23,29.49,17,41.46,1,20,9,40.91,2,50,5,71.43,2,100,2,100,11,15.28,11,61.11,25,21.01,38,30.16,10,35.71,6,23.08,4,80,252,61.02,162,29.56
MOTOR VEHICLE THEFT,6713,16.52,4,8,92,24.34,26,15.12,54,18.18,134,17.27,83,17.04,67,24.01,74,11.31,7,23.33,6,18.18,16,19.05,40,29.41,5,13.51,82,20.25,9,13.85,99,16.26,751,16.99,77,32.63,199,14.83,41,16.14,40,15.94,91,14.22,4,4.26,38,13.82,54,13.33,140,13.77,17,16.35,35,10.06,2,16.67,23,14.11,6,13.64,15,12.3,0,0,1,10,16,17.78,95,35.45,26,30.23,10,22.22,11,22.92,28,21.88,7,5.47,25,9.4,83,12.71,161,17.06,38,13.01,18,21.69,17,20.48,7,14.29,52,10.57,34,27.42,5,7.35,23,10.5,4,6.45,19,8.26,3,25,8,10.13,9,10,6,35.29,2,3.7,6,11.32,2,28.57,63,33.33,17,22.37,9,13.64,1,16.67,20,12.5,0,0,20,18.52,57,13.77,6,11.11,34,20.61,7,6.93,14,13.73,20,9.8,6,5.17,15,10.49,7,6.54,1,5,5,12.5,29,30.53,6,27.27,18,13.85,3,17.65,23,18.11,10,22.73,0,0,4,12.12,63,13.35,12,13.19,16,15.53,41,23.98,24,26.67,11,14.29,1,50,240,27.97,24,13.04,62,25.51,80,17.24,1,7.14,4,9.3,59,15.01,4,12.9,67,28.63,18,29.51,7,23.33,19,22.89,23,11.92,2,5.41,6,13.64,4,9.76,4,13.33,39,17.26,26,25.24,3,5.66,4,12.5,12,25.53,15,17.86,13,23.21,12,13.79,154,17.34,296,15.83,0,0,2,10,18,10.78,2,9.52,3,10.34,2,20,20,21.74,4,26.67,8,20.51,8,29.63,8,22.86,2,8.7,32,26.67,0,0,2,3.77,8,19.51,58,18.01,15,15.79,14,16.47,0,0,6,8.57,0,0,0,0,2,7.41,1,7.69,4,36.36,43,18.45,33,8.85,15,8.72,12,19.35,13,13.13,19,14.96,36,29.03,19,27.54,11,40.74,4,13.79,0,0,3,27.27,0,0,5,16.13,8,27.59,4,19.05,7,29.17,15,25,49,18.49,22,12.94,1,11.11,1,7.69,8,16.33,8,24.24,36,20.93,8,26.67,0,0,1,25,36,13.79,9,24.32,12,28.57,14,35,3,17.65,4,18.18,3,33.33,10,25,10,15.38,3,60,16,55.17,9,56.25,4,66.67,10,45.45,8,50,3,30,40,25.64,414,18.25,1,9.09,7,13.46,4,8.33,5,31.25,2,10,5,20.83,0,0,2,4.76,0,0,1,100,6,11.76,3,9.38,2,8.33,1,7.14,4,15.38,2,25,24,13.56,4,16.67,9,50,0,0,10,30.3,2,22.22,12,22.22,17,12.23,19,11.38,3,17.65,1,50,12,25.53,17,15.74,51,16.24,5,22.73,2,9.09,26,10.79,2,11.76,1,12.5,13,13.68,0,0,0,0,0,0,9,10.23,13,10.92,1,20,34,28.1,13,30.95,0,0,0,0,3,25,1,9.09,2,6.9,6,19.35,2,3.77,1,33.33,1,14.29,3,9.68,1,7.69,1,25,5,8.2,4,17.39,1,11.11,2,8,1,6.25,321,18.21,1,11.11,1,33.33,1,2.94,0,0,2,3.39,7,14.58,2,8.7,15,16.67,1,7.69,76,15.42,23,11.39,25,13.59,8,18.6,9,22.5,2,5.88,0,0,8,6.84,0,0,0,0,1,25,6,9.23,7,11.67,2,7.69,1,6.67,4,10.26,0,0,2,4.44,0,0,0,0,0,0,3,12.5,1,6.25,4,7.27,2,20,3,50,0,0,6,17.14,0,0,0,0,6,9.52,0,0,4,11.43,1,8.33,1,20,8,6.78,9,18.75,1,2.56,6,18.75,2,6.9,0,0,0,0,0,0,0,0,1,2.78,0,0,26,13.61,3,13.64,11,9.24,5,11.9,0,0,3,20,39,15.73,1,3.33,0,0,0,0,2,4.65,0,0,0,0,1,6.25,0,0,0,0,1,11.11,0,0,4,5.88,7,14.58,0,0,0,0,14,9.46,0,0,4,19.05,1,14.29,1,25,0,0,0,0,0,0,5,13.51,3,9.38,1,33.33,2,33.33,2,25,3,37.5,2,7.41,4,22.22,4,28.57,7,12.5,1,5.56,10,12.82,14,34.15,2,40,3,13.64,0,0,0,0,0,0,0,0,6,8.33,1,5.56,32,26.89,17,13.49,10,35.71,7,26.92,0,0,59,14.29,114,20.8
PORNOGRAPHY/ OBSCENE MATERIAL,2,0,0,0,0,0,0,0,0,0,0,0,0,0,0,0,0,0,0,0,0,0,0,0,0,0,0,0,0,0,0,0,0,0,1,0.02,0,0,0,0,0,0,0,0,0,0,0,0,0,0,0,0,0,0,0,0,0,0,0,0,0,0,0,0,0,0,0,0,0,0,0,0,0,0,0,0,0,0,0,0,0,0,0,0,0,0,0,0,0,0,0,0,0,0,0,0,0,0,0,0,0,0,0,0,0,0,0,0,0,0,0,0,0,0,0,0,0,0,0,0,0,0,0,0,0,0,0,0,0,0,0,0,0,0,0,0,0,0,0,0,0,0,0,0,0,0,0,0,0,0,0,0,0,0,0,0,0,0,0,0,0,0,0,0,0,0,0,0,0,0,0,0,0,0,0,0,0,0,0,0,1,0.97,0,0,0,0,0,0,0,0,0,0,0,0,0,0,0,0,0,0,0,0,0,0,0,0,0,0,0,0,0,0,0,0,0,0,0,0,0,0,0,0,0,0,0,0,0,0,0,0,0,0,0,0,0,0,0,0,0,0,0,0,0,0,0,0,0,0,0,0,0,0,0,0,0,0,0,0,0,0,0,0,0,0,0,0,0,0,0,0,0,0,0,0,0,0,0,0,0,0,0,0,0,0,0,0,0,0,0,0,0,0,0,0,0,0,0,0,0,0,0,0,0,0,0,0,0,0,0,0,0,0,0,0,0,0,0,0,0,0,0,0,0,0,0,0,0,0,0,0,0,0,0,0,0,0,0,0,0,0,0,0,0,0,0,0,0,0,0,0,0,0,0,0,0,0,0,0,0,0,0,0,0,0,0,0,0,0,0,0,0,0,0,0,0,0,0,0,0,0,0,0,0,0,0,0,0,0,0,0,0,0,0,0,0,0,0,0,0,0,0,0,0,0,0,0,0,0,0,0,0,0,0,0,0,0,0,0,0,0,0,0,0,0,0,0,0,0,0,0,0,0,0,0,0,0,0,0,0,0,0,0,0,0,0,0,0,0,0,0,0,0,0,0,0,0,0,0,0,0,0,0,0,0,0,0,0,0,0,0,0,0,0,0,0,0,0,0,0,0,0,0,0,0,0,0,0,0,0,0,0,0,0,0,0,0,0,0,0,0,0,0,0,0,0,0,0,0,0,0,0,0,0,0,0,0,0,0,0,0,0,0,0,0,0,0,0,0,0,0,0,0,0,0,0,0,0,0,0,0,0,0,0,0,0,0,0,0,0,0,0,0,0,0,0,0,0,0,0,0,0,0,0,0,0,0,0,0,0,0,0,0,0,0,0,0,0,0,0,0,0,0,0,0,0,0,0,0,0,0,0,0,0,0,0,0,0,0,0,0,0,0,0,0,0,0,0,0,0,0,0,0,0,0,0,0,0,0,0,0,0,0,0,0,0,0,0,0,0,0,0,0,0,0,0,0,0,0,0,0,0,0,0,0,0,0,0,0,0,0,0,0,0,0,0,0,0,0,0,0,0,0,0,0,0,0,0,0,0,0,0,0,0,0,0,0,0,0,0,0,0,0,0,0,0,0,0,0,0,0,0,0,0,0,0,0,0,0,0,0,0,0,0,0,0,0,0,0,0,0,0,0,0,0,0,0,0,0,0,0,0,0,0,0,0,0,0,0,0,0,0,0,0,0,0,0,0,0
ROBBERY,1037,2.55,0,0,8,2.12,1,0.58,7,2.36,12,1.55,8,1.64,7,2.51,11,1.68,0,0,0,0,4,4.76,5,3.68,1,2.7,3,0.74,2,3.08,3,0.49,49,1.11,1,0.42,20,1.49,3,1.18,2,0.8,12,1.88,1,1.06,2,0.73,14,3.46,26,2.56,1,0.96,16,4.6,0,0,8,4.91,1,2.27,1,0.82,1,5.26,0,0,4,4.44,6,2.24,1,1.16,0,0,0,0,1,0.78,4,3.12,5,1.88,2,0.31,18,1.91,8,2.74,1,1.2,6,7.23,2,4.08,14,2.85,10,8.06,2,2.94,6,2.74,2,3.23,7,3.04,0,0,5,6.33,2,2.22,0,0,1,1.85,2,3.77,0,0,4,2.12,0,0,1,1.52,0,0,2,1.25,0,0,2,1.85,7,1.69,0,0,8,4.85,3,2.97,3,2.94,6,2.94,2,1.72,4,2.8,7,6.54,0,0,1,2.5,1,1.05,0,0,5,3.85,1,5.88,3,2.36,2,4.55,1,25,0,0,6,1.27,1,1.1,2,1.94,2,1.17,1,1.11,1,1.3,0,0,27,3.15,4,2.17,11,4.53,14,3.02,0,0,2,4.65,13,3.31,0,0,13,5.56,2,3.28,0,0,0,0,6,3.11,0,0,1,2.27,0,0,0,0,2,0.88,1,0.97,0,0,0,0,0,0,7,8.33,1,1.79,0,0,17,1.91,81,4.33,0,0,1,5,5,2.99,0,0,1,3.45,0,0,4,4.35,2,13.33,2,5.13,3,11.11,0,0,0,0,3,2.5,1,5,1,1.89,0,0,4,1.24,1,1.05,1,1.18,0,0,0,0,0,0,0,0,3,11.11,1,7.69,0,0,2,0.86,7,1.88,0,0,0,0,4,4.04,4,3.15,4,3.23,1,1.45,0,0,1,3.45,0,0,1,9.09,0,0,0,0,0,0,0,0,2,8.33,2,3.33,8,3.02,1,0.59,0,0,0,0,0,0,1,3.03,1,0.58,0,0,1,25,1,25,12,4.6,0,0,2,4.76,0,0,1,5.88,0,0,0,0,0,0,2,3.08,0,0,0,0,1,6.25,0,0,0,0,0,0,0,0,3,1.92,153,6.75,0,0,0,0,0,0,0,0,0,0,0,0,0,0,0,0,0,0,0,0,0,0,0,0,0,0,0,0,0,0,0,0,6,3.39,1,4.17,0,0,0,0,0,0,0,0,0,0,1,0.72,0,0,0,0,0,0,1,2.13,1,0.93,3,0.96,0,0,0,0,9,3.73,0,0,0,0,0,0,0,0,0,0,0,0,2,2.27,7,5.88,0,0,3,2.48,0,0,0,0,0,0,0,0,0,0,0,0,2,6.45,0,0,0,0,0,0,0,0,0,0,0,0,0,0,0,0,0,0,0,0,1,6.25,67,3.8,0,0,0,0,2,5.88,1,4.17,1,1.69,3,6.25,0,0,0,0,0,0,17,3.45,9,4.46,5,2.72,1,2.33,2,5,0,0,0,0,2,1.71,0,0,0,0,0,0,4,6.15,6,10,0,0,0,0,0,0,0,0,0,0,0,0,0,0,0,0,0,0,0,0,1,1.82,0,0,0,0,0,0,0,0,0,0,1,20,1,1.59,0,0,0,0,0,0,0,0,4,3.39,2,4.17,0,0,0,0,0,0,0,0,0,0,0,0,0,0,2,5.56,0,0,3,1.57,1,4.55,2,1.68,1,2.38,0,0,0,0,2,0.81,0,0,0,0,0,0,0,0,0,0,0,0,0,0,0,0,0,0,0,0,0,0,1,1.47,0,0,0,0,0,0,9,6.08,0,0,0,0,0,0,0,0,0,0,0,0,0,0,0,0,2,6.25,0,0,0,0,0,0,0,0,0,0,1,5.56,0,0,1,1.79,0,0,3,3.85,0,0,0,0,0,0,0,0,0,0,0,0,0,0,2,2.78,2,11.11,6,5.04,6,4.76,0,0,2,7.69,0,0,1,0.24,10,1.82
STOLEN PROPERTY OFFENSES,142,0.35,1,2,0,0,2,1.16,1,0.34,2,0.26,0,0,0,0,1,0.15,0,0,0,0,1,1.19,0,0,0,0,2,0.49,1,1.54,0,0,2,0.05,0,0,0,0,0,0,0,0,3,0.47,0,0,0,0,0,0,6,0.59,1,0.96,3,0.86,0,0,2,1.23,0,0,1,0.82,0,0,0,0,1,1.11,0,0,0,0,0,0,0,0,1,0.78,0,0,0,0,0,0,2,0.21,5,1.71,0,0,0,0,1,2.04,2,0.41,0,0,0,0,1,0.46,0,0,1,0.43,0,0,0,0,0,0,0,0,0,0,0,0,0,0,0,0,0,0,1,1.52,0,0,0,0,0,0,0,0,1,0.24,1,1.85,6,3.64,1,0.99,2,1.96,0,0,0,0,0,0,2,1.87,0,0,0,0,0,0,0,0,0,0,0,0,1,0.79,0,0,0,0,0,0,3,0.64,0,0,0,0,0,0,0,0,0,0,0,0,3,0.35,1,0.54,0,0,4,0.86,0,0,1,2.33,0,0,0,0,0,0,0,0,0,0,0,0,0,0,0,0,0,0,0,0,0,0,0,0,0,0,0,0,0,0,0,0,0,0,0,0,0,0,5,0.56,14,0.75,0,0,0,0,0,0,0,0,0,0,0,0,0,0,0,0,0,0,0,0,0,0,0,0,1,0.83,0,0,0,0,0,0,3,0.93,0,0,0,0,0,0,0,0,0,0,0,0,0,0,0,0,0,0,1,0.43,3,0.8,1,0.58,0,0,0,0,0,0,1,0.81,0,0,0,0,0,0,0,0,0,0,0,0,0,0,0,0,0,0,0,0,0,0,2,0.75,1,0.59,0,0,0,0,0,0,0,0,0,0,0,0,0,0,0,0,2,0.77,0,0,0,0,0,0,0,0,0,0,0,0,0,0,0,0,0,0,0,0,0,0,0,0,0,0,0,0,0,0,0,0,19,0.84,0,0,0,0,0,0,0,0,0,0,0,0,0,0,0,0,0,0,0,0,0,0,0,0,0,0,0,0,0,0,0,0,1,0.56,0,0,0,0,0,0,0,0,0,0,0,0,0,0,1,0.6,0,0,0,0,0,0,0,0,0,0,0,0,0,0,1,0.41,0,0,0,0,1,1.05,0,0,0,0,0,0,0,0,0,0,0,0,0,0,0,0,0,0,0,0,0,0,0,0,0,0,0,0,0,0,0,0,0,0,0,0,0,0,0,0,0,0,0,0,0,0,0,0,0,0,1,0.06,0,0,0,0,0,0,0,0,0,0,0,0,0,0,0,0,0,0,0,0,0,0,2,1.09,3,6.98,1,2.5,1,2.94,0,0,0,0,0,0,0,0,0,0,0,0,0,0,0,0,0,0,0,0,0,0,1,2.22,0,0,0,0,0,0,0,0,0,0,0,0,0,0,0,0,0,0,0,0,0,0,0,0,1,1.59,0,0,0,0,0,0,0,0,1,0.85,0,0,0,0,0,0,0,0,0,0,0,0,0,0,0,0,0,0,0,0,1,0.52,0,0,1,0.84,0,0,0,0,0,0,0,0,0,0,0,0,0,0,0,0,0,0,0,0,0,0,0,0,0,0,0,0,0,0,0,0,1,2.08,0,0,0,0,0,0,0,0,0,0,0,0,0,0,0,0,0,0,0,0,0,0,0,0,0,0,0,0,0,0,0,0,0,0,0,0,0,0,0,0,0,0,1,1.28,0,0,0,0,1,4.55,0,0,0,0,0,0,0,0,0,0,0,0,1,0.84,0,0,0,0,0,0,0,0,1,0.24,3,0.55
WEAPON LAW VIOLATIONS,366,0.9,0,0,0,0,2,1.16,2,0.67,2,0.26,2,0.41,1,0.36,4,0.61,1,3.33,0,0,0,0,1,0.74,0,0,3,0.74,2,3.08,2,0.33,19,0.43,3,1.27,8,0.6,1,0.39,0,0,1,0.16,5,5.32,0,0,1,0.25,16,1.57,0,0,5,1.44,0,0,1,0.61,0,0,0,0,0,0,0,0,3,3.33,2,0.75,1,1.16,1,2.22,0,0,3,2.34,3,2.34,4,1.5,1,0.15,2,0.21,2,0.68,0,0,5,6.02,0,0,7,1.42,1,0.81,1,1.47,3,1.37,2,3.23,0,0,0,0,2,2.53,0,0,0,0,1,1.85,2,3.77,0,0,0,0,1,1.32,0,0,0,0,0,0,0,0,0,0,1,0.24,0,0,4,2.42,3,2.97,1,0.98,2,0.98,1,0.86,4,2.8,1,0.93,0,0,1,2.5,3,3.16,1,4.55,5,3.85,1,5.88,1,0.79,1,2.27,0,0,0,0,1,0.21,0,0,0,0,2,1.17,1,1.11,0,0,0,0,6,0.7,5,2.72,0,0,10,2.16,0,0,0,0,10,2.54,0,0,1,0.43,0,0,0,0,0,0,4,2.07,1,2.7,0,0,0,0,1,3.33,1,0.44,0,0,1,1.89,0,0,0,0,1,1.19,0,0,0,0,18,2.03,20,1.07,0,0,0,0,2,1.2,0,0,0,0,0,0,1,1.09,1,6.67,2,5.13,0,0,0,0,0,0,0,0,2,10,4,7.55,1,2.44,2,0.62,0,0,0,0,0,0,1,1.43,0,0,0,0,1,3.7,0,0,0,0,6,2.58,7,1.88,1,0.58,0,0,1,1.01,3,2.36,3,2.42,0,0,1,3.7,0,0,0,0,2,18.18,0,0,0,0,0,0,0,0,0,0,1,1.67,5,1.89,1,0.59,0,0,0,0,0,0,0,0,2,1.16,0,0,0,0,0,0,3,1.15,1,2.7,0,0,1,2.5,0,0,0,0,0,0,0,0,0,0,0,0,0,0,0,0,0,0,0,0,1,6.25,1,10,2,1.28,23,1.01,0,0,0,0,0,0,0,0,0,0,0,0,0,0,0,0,0,0,0,0,0,0,1,3.12,0,0,0,0,0,0,0,0,2,1.13,0,0,0,0,0,0,0,0,0,0,1,1.85,0,0,1,0.6,0,0,0,0,0,0,0,0,0,0,0,0,0,0,1,0.41,0,0,0,0,0,0,0,0,0,0,0,0,0,0,4,3.36,0,0,1,0.83,0,0,0,0,0,0,0,0,0,0,0,0,0,0,0,0,0,0,0,0,0,0,0,0,0,0,0,0,0,0,0,0,0,0,0,0,8,0.45,0,0,0,0,0,0,0,0,1,1.69,0,0,0,0,0,0,0,0,5,1.01,2,0.99,5,2.72,0,0,1,2.5,1,2.94,0,0,1,0.85,0,0,0,0,0,0,0,0,1,1.67,0,0,0,0,0,0,0,0,0,0,0,0,0,0,0,0,0,0,0,0,0,0,0,0,0,0,0,0,0,0,0,0,0,0,0,0,0,0,0,0,0,0,0,0,0,0,1,2.08,1,2.56,1,3.12,0,0,0,0,0,0,0,0,0,0,1,2.78,0,0,2,1.05,0,0,0,0,0,0,0,0,0,0,1,0.4,0,0,0,0,0,0,0,0,0,0,0,0,0,0,0,0,0,0,0,0,0,0,2,2.94,0,0,0,0,0,0,0,0,0,0,0,0,0,0,0,0,0,0,0,0,0,0,1,2.7,0,0,0,0,0,0,0,0,1,12.5,0,0,0,0,0,0,0,0,0,0,2,2.56,0,0,0,0,0,0,0,0,0,0,0,0,0,0,1,1.39,0,0,2,1.68,3,2.38,1,3.57,1,3.85,0,0,0,0,6,1.09
