NIRBRS Crime,Frequency All Neighborhoods,Frequency % All Neighborhoods,Frequency at Reunion District,Frequency % at Reunion District,Frequency at West End Historic District,Frequency % at West End Historic District,Frequency at Dallas Arts District,Frequency % at Dallas Arts District,Frequency at Commercial Center,Frequency % at Commercial Center,Frequency at Main Street District,Frequency % at Main Street District,Frequency at Farmers Market District,Frequency % at Farmers Market District,Frequency at Civic Center District,Frequency % at Civic Center District,Frequency at Cedars,Frequency % at Cedars,Frequency at The Bottoms,Frequency % at The Bottoms,Frequency at Tenth Street,Frequency % at Tenth Street,Frequency at Lake Cliff,Frequency % at Lake Cliff,Frequency at Kidd Springs,Frequency % at Kidd Springs,Frequency at East Kessler Park,Frequency % at East Kessler Park,Frequency at La L'aceate,Frequency % at La L'aceate,Frequency at La Bajada,Frequency % at La Bajada,Frequency at Design District,Frequency % at Design District,Frequency at Oak Lawn,Frequency % at Oak Lawn,Frequency at Victory Park,Frequency % at Victory Park,Frequency at Uptown,Frequency % at Uptown,Frequency at State Thomas,Frequency % at State Thomas,Frequency at West Village,Frequency % at West Village,Frequency at Cityplace,Frequency % at Cityplace,Frequency at Roseland,Frequency % at Roseland,Frequency at Bryan Place,Frequency % at Bryan Place,Frequency at Baylor / Meadows,Frequency % at Baylor / Meadows,Frequency at Deep Ellum,Frequency % at Deep Ellum,Frequency at Exposition Park,Frequency % at Exposition Park,Frequency at Grand Park South,Frequency % at Grand Park South,Frequency at Park Row / South Boulevard,Frequency % at Park Row / South Boulevard,Frequency at Edgewood Place,Frequency % at Edgewood Place,Frequency at Skyline Heights,Frequency % at Skyline Heights,Frequency at The Heights,Frequency % at The Heights,Frequency at Cedar Oaks,Frequency % at Cedar Oaks,Frequency at Beckley Club Estates,Frequency % at Beckley Club Estates,Frequency at Ruthmeade Place,Frequency % at Ruthmeade Place,Frequency at Dallas Land & Loan,Frequency % at Dallas Land & Loan,Frequency at Bishop Arts District,Frequency % at Bishop Arts District,Frequency at Kings Highway,Frequency % at Kings Highway,Frequency at Kessler Park,Frequency % at Kessler Park,Frequency at Western Heights,Frequency % at Western Heights,Frequency at Muncie,Frequency % at Muncie,Frequency at Los Altos,Frequency % at Los Altos,Frequency at Turtle Creek,Frequency % at Turtle Creek,Frequency at Fitzhugh / Capitol,Frequency % at Fitzhugh / Capitol,Frequency at Peak's Addition,Frequency % at Peak's Addition,Frequency at Jubilee Park,Frequency % at Jubilee Park,Frequency at Owenwood,Frequency % at Owenwood,Frequency at Dolphin Heights,Frequency % at Dolphin Heights,Frequency at Frazier,Frequency % at Frazier,Frequency at Dixon Circle / Sunny Acres,Frequency % at Dixon Circle / Sunny Acres,Frequency at Bertrand,Frequency % at Bertrand,Frequency at Mill City,Frequency % at Mill City,Frequency at Wheatley Place,Frequency % at Wheatley Place,Frequency at Exline / Charles Rice,Frequency % at Exline / Charles Rice,Frequency at Queen City,Frequency % at Queen City,Frequency at Colonial Hill,Frequency % at Colonial Hill,Frequency at Forest Heights,Frequency % at Forest Heights,Frequency at Cadillac Heights,Frequency % at Cadillac Heights,Frequency at Cedar Crest,Frequency % at Cedar Crest,Frequency at Trinity Heights or Brentwood,Frequency % at Trinity Heights or Brentwood,Frequency at Beckleywood,Frequency % at Beckleywood,Frequency at Wynnewood North,Frequency % at Wynnewood North,Frequency at Winnetka Heights,Frequency % at Winnetka Heights,Frequency at La Loma,Frequency % at La Loma,Frequency at Perry Heights,Frequency % at Perry Heights,Frequency at North Oak Lawn,Frequency % at North Oak Lawn,Frequency at Northern Hills,Frequency % at Northern Hills,Frequency at Cochran Heights,Frequency % at Cochran Heights,Frequency at Henderson,Frequency % at Henderson,Frequency at Munger Place,Frequency % at Munger Place,Frequency at Mount Auburn,Frequency % at Mount Auburn,Frequency at Parkdale,Frequency % at Parkdale,Frequency at Rose Garden,Frequency % at Rose Garden,Frequency at Ideal,Frequency % at Ideal,Frequency at Bonton,Frequency % at Bonton,Frequency at Cedar Crest Country Club Estates,Frequency % at Cedar Crest Country Club Estates,Frequency at Cedar Crest Village,Frequency % at Cedar Crest Village,Frequency at Beckley-Saner,Frequency % at Beckley-Saner,Frequency at Beckley Terrace,Frequency % at Beckley Terrace,Frequency at Wynnewood Heights,Frequency % at Wynnewood Heights,Frequency at Summit Lawn,Frequency % at Summit Lawn,Frequency at Elmwood,Frequency % at Elmwood,Frequency at Hampton Hills,Frequency % at Hampton Hills,Frequency at Sunset Hill,Frequency % at Sunset Hill,Frequency at L.O. Daniel,Frequency % at L.O. Daniel,Frequency at West Kessler,Frequency % at West Kessler,Frequency at Stevens Park Estates,Frequency % at Stevens Park Estates,Frequency at Southwestern Medical District,Frequency % at Southwestern Medical District,Frequency at Oak Lawn Heights,Frequency % at Oak Lawn Heights,Frequency at Vickery Place,Frequency % at Vickery Place,Frequency at Lowest Greenville West,Frequency % at Lowest Greenville West,Frequency at East Garrett Park,Frequency % at East Garrett Park,Frequency at Junius Heights,Frequency % at Junius Heights,Frequency at Enclave at Grove Hill,Frequency % at Enclave at Grove Hill,Frequency at Buckner Terrace,Frequency % at Buckner Terrace,Frequency at Urbandale,Frequency % at Urbandale,Frequency at Piedmont / Scyene,Frequency % at Piedmont / Scyene,Frequency at Pemberton Hill,Frequency % at Pemberton Hill,Frequency at Shady Hills,Frequency % at Shady Hills,Frequency at Joppa,Frequency % at Joppa,Frequency at Fruitdale,Frequency % at Fruitdale,Frequency at Liberty Heights,Frequency % at Liberty Heights,Frequency at Kiest-Polk,Frequency % at Kiest-Polk,Frequency at Oak Park Estates,Frequency % at Oak Park Estates,Frequency at Kessler Plaza,Frequency % at Kessler Plaza,Frequency at Stevens Park Village,Frequency % at Stevens Park Village,Frequency at Lake West,Frequency % at Lake West,Frequency at Greenleaf Village,Frequency % at Greenleaf Village,Frequency at Arlington Park,Frequency % at Arlington Park,Frequency at Maple Lawn,Frequency % at Maple Lawn,Frequency at M Streets or Greenland Hills,Frequency % at M Streets or Greenland Hills,Frequency at Lower Greenville,Frequency % at Lower Greenville,Frequency at Belmont,Frequency % at Belmont,Frequency at Swiss Avenue,Frequency % at Swiss Avenue,Frequency at Abrams-Brookside,Frequency % at Abrams-Brookside,Frequency at Hollywood Heights / Santa Monica,Frequency % at Hollywood Heights / Santa Monica,Frequency at Claremont Addition,Frequency % at Claremont Addition,Frequency at Lakeland Hills,Frequency % at Lakeland Hills,Frequency at Independence Park,Frequency % at Independence Park,Frequency at Pleasant Mound,Frequency % at Pleasant Mound,Frequency at Pleasant Grove,Frequency % at Pleasant Grove,Frequency at Floral Farms,Frequency % at Floral Farms,Frequency at Horizon Estate,Frequency % at Horizon Estate,Frequency at Five Mile Creek,Frequency % at Five Mile Creek,Frequency at Glendale Heights,Frequency % at Glendale Heights,Frequency at Marsalis Park,Frequency % at Marsalis Park,Frequency at Southern Hills,Frequency % at Southern Hills,Frequency at Druid Hills,Frequency % at Druid Hills,Frequency at Kiestwood,Frequency % at Kiestwood,Frequency at Kimball,Frequency % at Kimball,Frequency at Loupot Heights,Frequency % at Loupot Heights,Frequency at North Cliff,Frequency % at North Cliff,Frequency at Ravinia Heights,Frequency % at Ravinia Heights,Frequency at Beverly Hills,Frequency % at Beverly Hills,Frequency at El Tivoli Place,Frequency % at El Tivoli Place,Frequency at Westmoreland Heights,Frequency % at Westmoreland Heights,Frequency at Ledbetter Gardens,Frequency % at Ledbetter Gardens,Frequency at Love Field,Frequency % at Love Field,Frequency at Highland Place / Bordeaux Village,Frequency % at Highland Place / Bordeaux Village,Frequency at Glencoe Park,Frequency % at Glencoe Park,Frequency at Edgemont Park,Frequency % at Edgemont Park,Frequency at Lakewood Hills or Gastonwood / Coronado Hills,Frequency % at Lakewood Hills or Gastonwood / Coronado Hills,Frequency at Highland on the Creek,Frequency % at Highland on the Creek,Frequency at Enclave at White Rock,Frequency % at Enclave at White Rock,Frequency at Hillridge,Frequency % at Hillridge,Frequency at White Rock Village,Frequency % at White Rock Village,Frequency at Light Pointe Place,Frequency % at Light Pointe Place,Frequency at Rylie,Frequency % at Rylie,Frequency at Highland Hills,Frequency % at Highland Hills,Frequency at Cedar Creek Ranch,Frequency % at Cedar Creek Ranch,Frequency at Cigarette Hill,Frequency % at Cigarette Hill,Frequency at Arden Terrace,Frequency % at Arden Terrace,Frequency at Singing Hills,Frequency % at Singing Hills,Frequency at Glenview,Frequency % at Glenview,Frequency at Glen Oaks,Frequency % at Glen Oaks,Frequency at Oak Park North,Frequency % at Oak Park North,Frequency at Club Oaks,Frequency % at Club Oaks,Frequency at Hideaway Valley,Frequency % at Hideaway Valley,Frequency at Kimball Square,Frequency % at Kimball Square,Frequency at Kiest Forest,Frequency % at Kiest Forest,Frequency at Kiest Valley Estates,Frequency % at Kiest Valley Estates,Frequency at Roland Hills,Frequency % at Roland Hills,Frequency at The Dells District,Frequency % at The Dells District,Frequency at American Mount,Frequency % at American Mount,Frequency at West Ridge Park,Frequency % at West Ridge Park,Frequency at Ledbetter,Frequency % at Ledbetter,Frequency at Elm Thicket or North Park,Frequency % at Elm Thicket or North Park,Frequency at Greenway Parks,Frequency % at Greenway Parks,Frequency at Greenway Crest,Frequency % at Greenway Crest,Frequency at Lakewood Heights,Frequency % at Lakewood Heights,Frequency at Wilshire Heights,Frequency % at Wilshire Heights,Frequency at Lakewood,Frequency % at Lakewood,Frequency at Forest Hills,Frequency % at Forest Hills,Frequency at Forest Oaks,Frequency % at Forest Oaks,Frequency at Enclave at Ash Creek,Frequency % at Enclave at Ash Creek,Frequency at Eastwood Hills,Frequency % at Eastwood Hills,Frequency at Hillview Terrace,Frequency % at Hillview Terrace,Frequency at Wisdom Terrace,Frequency % at Wisdom Terrace,Frequency at Wheatland Meadows,Frequency % at Wheatland Meadows,Frequency at Oakland Terrace,Frequency % at Oakland Terrace,Frequency at Woodland Canyon,Frequency % at Woodland Canyon,Frequency at Wynnewood Hills,Frequency % at Wynnewood Hills,Frequency at Twin Oaks,Frequency % at Twin Oaks,Frequency at Country Creek,Frequency % at Country Creek,Frequency at Encinos Park,Frequency % at Encinos Park,Frequency at Westhaven,Frequency % at Westhaven,Frequency at Rolling Meadows,Frequency % at Rolling Meadows,Frequency at Los Encinos,Frequency % at Los Encinos,Frequency at Western Park,Frequency % at Western Park,Frequency at Las Haciendas,Frequency % at Las Haciendas,Frequency at Merrifield Manor,Frequency % at Merrifield Manor,Frequency at Arcadia Park,Frequency % at Arcadia Park,Frequency at Bachman,Frequency % at Bachman,Frequency at Shorecrest Estates,Frequency % at Shorecrest Estates,Frequency at Bluffview,Frequency % at Bluffview,Frequency at Devonshire,Frequency % at Devonshire,Frequency at North Stonewall Terrace,Frequency % at North Stonewall Terrace,Frequency at Caruth Terrace,Frequency % at Caruth Terrace,Frequency at Hillside,Frequency % at Hillside,Frequency at Lakewood Trails,Frequency % at Lakewood Trails,Frequency at White Rock,Frequency % at White Rock,Frequency at The Cloisters,Frequency % at The Cloisters,Frequency at Emerald Isles,Frequency % at Emerald Isles,Frequency at Little Forest Hills,Frequency % at Little Forest Hills,Frequency at Casa Linda Estates,Frequency % at Casa Linda Estates,Frequency at Casa Linda Forest,Frequency % at Casa Linda Forest,Frequency at Alger Park / Ash Creek,Frequency % at Alger Park / Ash Creek,Frequency at Oates Drive or White Rock Forest,Frequency % at Oates Drive or White Rock Forest,Frequency at Crestview Park,Frequency % at Crestview Park,Frequency at Polk Terrace,Frequency % at Polk Terrace,Frequency at Wheatland Hills,Frequency % at Wheatland Hills,Frequency at Unity Estates,Frequency % at Unity Estates,Frequency at Cedar Vista,Frequency % at Cedar Vista,Frequency at Vista Real,Frequency % at Vista Real,Frequency at Colony Square,Frequency % at Colony Square,Frequency at Bradford Estates,Frequency % at Bradford Estates,Frequency at Midway Hollow,Frequency % at Midway Hollow,Frequency at Preston Hollow,Frequency % at Preston Hollow,Frequency at Windsor Park,Frequency % at Windsor Park,Frequency at Lane Park,Frequency % at Lane Park,Frequency at Glen Lakes,Frequency % at Glen Lakes,Frequency at Caruth Hills,Frequency % at Caruth Hills,Frequency at The Village,Frequency % at The Village,Frequency at University Meadows,Frequency % at University Meadows,Frequency at Ridgewood Park,Frequency % at Ridgewood Park,Frequency at Merriman Park / University Manor,Frequency % at Merriman Park / University Manor,Frequency at University Terrace,Frequency % at University Terrace,Frequency at The Peninsula,Frequency % at The Peninsula,Frequency at Old Lake Highlands,Frequency % at Old Lake Highlands,Frequency at Eastwood Estates,Frequency % at Eastwood Estates,Frequency at Lake Park Estates,Frequency % at Lake Park Estates,Frequency at Monopoly Place,Frequency % at Monopoly Place,Frequency at Casa View Haven,Frequency % at Casa View Haven,Frequency at Casa View Oaks,Frequency % at Casa View Oaks,Frequency at Mountain Terrace,Frequency % at Mountain Terrace,Frequency at Woods-Sugarberry,Frequency % at Woods-Sugarberry,Frequency at Summit Parc,Frequency % at Summit Parc,Frequency at Mountain Ridge,Frequency % at Mountain Ridge,Frequency at Wind Ridge Estates,Frequency % at Wind Ridge Estates,Frequency at Hunter's Bend,Frequency % at Hunter's Bend,Frequency at Chapel Downs,Frequency % at Chapel Downs,Frequency at Sparkman Club Estates,Frequency % at Sparkman Club Estates,Frequency at Joe's Creek-Walnut Garden,Frequency % at Joe's Creek-Walnut Garden,Frequency at Walnut Hill,Frequency % at Walnut Hill,Frequency at Les Jardins Estates,Frequency % at Les Jardins Estates,Frequency at Kelsey Square,Frequency % at Kelsey Square,Frequency at Royalwood Estate,Frequency % at Royalwood Estate,Frequency at Lobello,Frequency % at Lobello,Frequency at Mayflower Estates,Frequency % at Mayflower Estates,Frequency at Preston Hollow North,Frequency % at Preston Hollow North,Frequency at Brookshire Park,Frequency % at Brookshire Park,Frequency at Pagewood,Frequency % at Pagewood,Frequency at High Hollows,Frequency % at High Hollows,Frequency at The Meadows,Frequency % at The Meadows,Frequency at Vickery Meadow(s),Frequency % at Vickery Meadow(s),Frequency at Alexander's Village,Frequency % at Alexander's Village,Frequency at Highlands West,Frequency % at Highlands West,Frequency at Merriman Park North,Frequency % at Merriman Park North,Frequency at Merriman Park Estates,Frequency % at Merriman Park Estates,Frequency at Lake Highlands North,Frequency % at Lake Highlands North,Frequency at White Rock Valley,Frequency % at White Rock Valley,Frequency at Lake Ridge Estates North,Frequency % at Lake Ridge Estates North,Frequency at Lake Ridge Estates,Frequency % at Lake Ridge Estates,Frequency at L Streets,Frequency % at L Streets,Frequency at Highland Meadows,Frequency % at Highland Meadows,Frequency at Lochwood,Frequency % at Lochwood,Frequency at Casa View,Frequency % at Casa View,Frequency at Linda Heights,Frequency % at Linda Heights,Frequency at Briarwood,Frequency % at Briarwood,Frequency at Braeburn Glen,Frequency % at Braeburn Glen,Frequency at St. Andrew's,Frequency % at St. Andrew's,Frequency at Lake Highlands Estates,Frequency % at Lake Highlands Estates,Frequency at Lake Highlands Square,Frequency % at Lake Highlands Square,Frequency at Royal Highlands,Frequency % at Royal Highlands,Frequency at Royal Highlands Village,Frequency % at Royal Highlands Village,Frequency at Copperfield,Frequency % at Copperfield,Frequency at Town Creek,Frequency % at Town Creek,Frequency at Moss Farm,Frequency % at Moss Farm,Frequency at Forest Meadow,Frequency % at Forest Meadow,Frequency at Stults Road,Frequency % at Stults Road,Frequency at Northwood Heights,Frequency % at Northwood Heights,Frequency at Hillcrest Forest,Frequency % at Hillcrest Forest,Frequency at Jan Mar,Frequency % at Jan Mar,Frequency at Hillcrest Estates,Frequency % at Hillcrest Estates,Frequency at Russwood Acres,Frequency % at Russwood Acres,Frequency at Royal Northaven,Frequency % at Royal Northaven,Frequency at Disney Streets,Frequency % at Disney Streets,Frequency at Northaven Park,Frequency % at Northaven Park,Frequency at Royal Hills,Frequency % at Royal Hills,Frequency at The Gables at Royal Lane,Frequency % at The Gables at Royal Lane,Frequency at Northtown Square,Frequency % at Northtown Square,Frequency at Park Forest,Frequency % at Park Forest,Frequency at Hockaday,Frequency % at Hockaday,Frequency at Inwood Road Estates,Frequency % at Inwood Road Estates,Frequency at Glen Meadow Estates,Frequency % at Glen Meadow Estates,Frequency at Forestcrest Estates,Frequency % at Forestcrest Estates,Frequency at Melshire Estates,Frequency % at Melshire Estates,Frequency at Churchill Way Estates,Frequency % at Churchill Way Estates,Frequency at Lake Forest,Frequency % at Lake Forest,Frequency at Hamilton Park,Frequency % at Hamilton Park,Frequency at Chimney Hill,Frequency % at Chimney Hill,Frequency at Country Forest / Jackson Meadows,Frequency % at Country Forest / Jackson Meadows,Frequency at Woodbridge,Frequency % at Woodbridge,Frequency at Whispering Hills,Frequency % at Whispering Hills,Frequency at Richland Corners,Frequency % at Richland Corners,Frequency at Waterford on the Park,Frequency % at Waterford on the Park,Frequency at Churchill Pointe,Frequency % at Churchill Pointe,Frequency at The Downs of Hillcrest,Frequency % at The Downs of Hillcrest,Frequency at Preston Citadel,Frequency % at Preston Citadel,Frequency at McShann Estates,Frequency % at McShann Estates,Frequency at Valley View,Frequency % at Valley View,Frequency at Willow Falls,Frequency % at Willow Falls,Frequency at Northwood Hills,Frequency % at Northwood Hills,Frequency at Spring Creek,Frequency % at Spring Creek,Frequency at Prestonwood Estates East,Frequency % at Prestonwood Estates East,Frequency at Prestonwood Estates West,Frequency % at Prestonwood Estates West,Frequency at Chalfont Place,Frequency % at Chalfont Place,Frequency at Prestonwood,Frequency % at Prestonwood,Frequency at Holiday Park,Frequency % at Holiday Park,Frequency at Prestonwood East,Frequency % at Prestonwood East,Frequency at Estates West,Frequency % at Estates West,Frequency at Highlands North,Frequency % at Highlands North,Frequency at Hillcrest Manor,Frequency % at Hillcrest Manor,Frequency at Campbell Green,Frequency % at Campbell Green,Frequency at Preston Trail,Frequency % at Preston Trail,Frequency at Glen Abbey,Frequency % at Glen Abbey,Frequency at Meadow Glen,Frequency % at Meadow Glen,Frequency at Bent Tree Hills,Frequency % at Bent Tree Hills,Frequency at Bent Tree West,Frequency % at Bent Tree West,Frequency at Bent Tree North,Frequency % at Bent Tree North,Frequency at Oakdale,Frequency % at Oakdale,Frequency at Prestonwood West,Frequency % at Prestonwood West,Frequency at Highlands of McKamy,Frequency % at Highlands of McKamy,Frequency at Highland Creek Estates,Frequency % at Highland Creek Estates,Frequency at Preston Highlands,Frequency % at Preston Highlands,Frequency at Oaktree,Frequency % at Oaktree,Frequency at Country Brook,Frequency % at Country Brook,Frequency at The Landmark,Frequency % at The Landmark,Frequency at Parkway Village,Frequency % at Parkway Village,Frequency at Highlands Parkway,Frequency % at Highlands Parkway,Frequency at Midway Meadows,Frequency % at Midway Meadows,Frequency at Rolling Trails,Frequency % at Rolling Trails,Frequency at Pebble Creek,Frequency % at Pebble Creek,Frequency at Harbor Glen,Frequency % at Harbor Glen,Frequency at Fox Hollow,Frequency % at Fox Hollow,Frequency at Vista del Cielo,Frequency % at Vista del Cielo,Frequency at Shannon Estates,Frequency % at Shannon Estates,Frequency at Hidden Valley,Frequency % at Hidden Valley,Frequency at Runyon Springs,Frequency % at Runyon Springs,Frequency at Oak Cliff Gardens,Frequency % at Oak Cliff Gardens,Frequency at Cedar Haven,Frequency % at Cedar Haven,Frequency at Beckley Heights,Frequency % at Beckley Heights,Frequency at Glen Hills,Frequency % at Glen Hills,Frequency at Elderwood,Frequency % at Elderwood,Frequency at Webster Grove,Frequency % at Webster Grove,Frequency at Coral Hills,Frequency % at Coral Hills,Frequency at Preston Road Highlands,Frequency % at Preston Road Highlands,Frequency at Oak Highlands Estates,Frequency % at Oak Highlands Estates,Frequency at Moss Meadows,Frequency % at Moss Meadows,Frequency at RUFCO,Frequency % at RUFCO,Frequency at Fair Park Estates,Frequency % at Fair Park Estates,Frequency at Kiest Park,Frequency % at Kiest Park,Frequency at Lisbon,Frequency % at Lisbon,Frequency at Brettonwoods,Frequency % at Brettonwoods,Frequency at Encino Hills,Frequency % at Encino Hills,Frequency at Capella Park,Frequency % at Capella Park,Frequency at Knox Park,Frequency % at Knox Park,Frequency at Kleberg,Frequency % at Kleberg
AGG ASSAULT - NFV,1505,3.7,2,4,11,2.91,1,0.58,8,2.69,28,3.61,15,3.08,10,3.58,20,3.06,1,3.33,1,3.03,5,5.95,9,6.62,3,8.11,5,1.23,4,6.15,7,1.15,86,1.95,3,1.27,30,2.24,6,2.36,4,1.59,12,1.88,8,8.51,0,0,19,4.69,28,2.75,2,1.92,25,7.18,0,0,19,11.66,2,4.55,7,5.74,0,0,1,10,5,5.56,5,1.87,1,1.16,2,4.44,2,4.17,3,2.34,3,2.34,20,7.52,5,0.77,29,3.07,12,4.11,8,9.64,10,12.05,3,6.12,40,8.13,4,3.23,9,13.24,19,8.68,4,6.45,12,5.22,0,0,3,3.8,7,7.78,0,0,5,9.26,2,3.77,1,14.29,5,2.65,1,1.32,2,3.03,0,0,2,1.25,0,0,2,1.85,3,0.72,2,3.7,8,4.85,5,4.95,5,4.9,20,9.8,9,7.76,6,4.2,5,4.67,0,0,5,12.5,3,3.16,2,9.09,9,6.92,1,5.88,2,1.57,0,0,1,25,1,3.03,13,2.75,2,2.2,1,0.97,2,1.17,2,2.22,1,1.3,0,0,36,4.2,9,4.89,11,4.53,28,6.03,2,14.29,3,6.98,40,10.18,2,6.45,13,5.56,2,3.28,0,0,3,3.61,7,3.63,2,5.41,5,11.36,3,7.32,0,0,4,1.77,2,1.94,2,3.77,0,0,1,2.13,7,8.33,2,3.57,6,6.9,49,5.52,86,4.6,0,0,1,5,12,7.19,3,14.29,4,13.79,2,20,1,1.09,0,0,1,2.56,1,3.7,1,2.86,0,0,2,1.67,0,0,5,9.43,4,9.76,14,4.35,1,1.05,2,2.35,0,0,1,1.43,1,25,0,0,2,7.41,1,7.69,0,0,12,5.15,24,6.43,6,3.49,2,3.23,10,10.1,6,4.72,5,4.03,6,8.7,2,7.41,2,6.9,0,0,0,0,1,14.29,1,3.23,2,6.9,1,4.76,3,12.5,3,5,15,5.66,5,2.94,0,0,0,0,0,0,0,0,1,0.58,0,0,0,0,0,0,16,6.13,3,8.11,2,4.76,2,5,0,0,1,4.55,0,0,2,5,4,6.15,0,0,0,0,0,0,0,0,1,4.55,1,6.25,0,0,4,2.56,109,4.81,0,0,1,1.92,1,2.08,0,0,1,5,0,0,1,3.45,1,2.38,0,0,0,0,1,1.96,1,3.12,1,4.17,1,7.14,1,3.85,0,0,6,3.39,0,0,1,5.56,0,0,1,3.03,1,11.11,2,3.7,0,0,3,1.8,0,0,0,0,1,2.13,3,2.78,5,1.59,0,0,0,0,6,2.49,0,0,0,0,0,0,0,0,0,0,0,0,4,4.55,3,2.52,0,0,2,1.65,3,7.14,0,0,0,0,2,16.67,0,0,0,0,1,3.23,0,0,0,0,0,0,1,3.23,1,7.69,0,0,1,1.64,1,4.35,0,0,3,12,0,0,53,3.01,0,0,0,0,1,2.94,1,4.17,1,1.69,2,4.17,0,0,1,1.11,0,0,28,5.68,2,0.99,11,5.98,0,0,2,5,0,0,0,0,1,0.85,0,0,0,0,0,0,0,0,1,1.67,1,3.85,0,0,0,0,0,0,1,2.22,1,25,0,0,0,0,0,0,0,0,1,1.82,0,0,0,0,0,0,0,0,0,0,0,0,1,1.59,0,0,0,0,0,0,0,0,7,5.93,3,6.25,0,0,3,9.38,1,3.45,0,0,0,0,0,0,0,0,1,2.78,0,0,3,1.57,1,4.55,3,2.52,0,0,0,0,0,0,4,1.61,0,0,0,0,0,0,0,0,0,0,0,0,0,0,0,0,0,0,0,0,0,0,2,2.94,2,4.17,0,0,0,0,4,2.7,0,0,0,0,0,0,0,0,0,0,0,0,0,0,2,5.41,0,0,0,0,0,0,1,12.5,0,0,1,3.7,2,11.11,0,0,2,3.57,1,5.56,5,6.41,0,0,0,0,1,4.55,0,0,0,0,0,0,0,0,9,12.5,2,11.11,6,5.04,9,7.14,0,0,1,3.85,0,0,1,0.24,25,4.56
ALL OTHER LARCENY,3938,9.69,9,18,33,8.73,11,6.4,26,8.75,65,8.38,66,13.55,30,10.75,47,7.19,4,13.33,4,12.12,10,11.9,16,11.76,7,18.92,26,6.42,6,9.23,45,7.39,431,9.75,17,7.2,138,10.28,28,11.02,21,8.37,56,8.75,6,6.38,35,12.73,40,9.88,67,6.59,11,10.58,38,10.92,1,8.33,19,11.66,5,11.36,18,14.75,4,21.05,1,10,10,11.11,25,9.33,8,9.3,10,22.22,4,8.33,18,14.06,32,25,34,12.78,62,9.49,84,8.9,32,10.96,12,14.46,4,4.82,9,18.37,52,10.57,10,8.06,7,10.29,23,10.5,7,11.29,48,20.87,3,25,14,17.72,11,12.22,5,29.41,7,12.96,3,5.66,0,0,18,9.52,12,15.79,3,4.55,1,16.67,17,10.62,1,14.29,11,10.19,44,10.63,4,7.41,15,9.09,18,17.82,5,4.9,19,9.31,13,11.21,21,14.69,10,9.35,2,10,1,2.5,7,7.37,2,9.09,17,13.08,2,11.76,18,14.17,9,20.45,1,25,3,9.09,45,9.53,17,18.68,14,13.59,15,8.77,22,24.44,11,14.29,0,0,83,9.67,23,12.5,17,7,38,8.19,2,14.29,3,6.98,29,7.38,3,9.68,18,7.69,12,19.67,3,10,9,10.84,32,16.58,6,16.22,3,6.82,3,7.32,5,16.67,31,13.72,14,13.59,5,9.43,5,15.62,8,17.02,9,10.71,8,14.29,7,8.05,59,6.64,131,7.01,0,0,2,10,12,7.19,1,4.76,2,6.9,3,30,13,14.13,4,26.67,5,12.82,7,25.93,5,14.29,2,8.7,8,6.67,2,10,7,13.21,8,19.51,26,8.07,12,12.63,12,14.12,1,33.33,16,22.86,1,25,0,0,8,29.63,3,23.08,1,9.09,21,9.01,27,7.24,19,11.05,10,16.13,7,7.07,16,12.6,15,12.1,9,13.04,3,11.11,1,3.45,0,0,0,0,2,28.57,5,16.13,4,13.79,2,9.52,1,4.17,4,6.67,41,15.47,22,12.94,2,22.22,1,7.69,4,8.16,1,3.03,23,13.37,4,13.33,1,25,0,0,16,6.13,2,5.41,6,14.29,4,10,1,5.88,0,0,1,11.11,4,10,7,10.77,0,0,1,3.45,1,6.25,0,0,1,4.55,0,0,1,10,16,10.26,118,5.2,5,45.45,4,7.69,12,25,2,12.5,4,20,0,0,0,0,0,0,0,0,0,0,9,17.65,3,9.38,1,4.17,3,21.43,2,7.69,0,0,23,12.99,2,8.33,4,22.22,0,0,4,12.12,1,11.11,4,7.41,17,12.23,25,14.97,1,5.88,0,0,5,10.64,12,11.11,29,9.24,3,13.64,2,9.09,12,4.98,5,29.41,1,12.5,15,15.79,3,33.33,3,21.43,1,11.11,8,9.09,13,10.92,0,0,9,7.44,3,7.14,1,33.33,0,0,1,8.33,3,27.27,7,24.14,8,25.81,16,30.19,0,0,0,0,3,9.68,2,15.38,1,25,13,21.31,1,4.35,1,11.11,2,8,6,37.5,127,7.2,1,11.11,1,33.33,1,2.94,8,33.33,4,6.78,7,14.58,3,13.04,9,10,1,7.69,26,5.27,21,10.4,20,10.87,3,6.98,0,0,2,5.88,1,100,12,10.26,0,0,1,20,0,0,2,3.08,3,5,3,11.54,3,20,12,30.77,2,40,6,13.33,0,0,3,37.5,2,28.57,3,12.5,1,6.25,7,12.73,1,10,0,0,0,0,3,8.57,1,14.29,0,0,9,14.29,3,30,5,14.29,0,0,0,0,9,7.63,3,6.25,7,17.95,6,18.75,3,10.34,3,50,0,0,0,0,0,0,2,5.56,0,0,23,12.04,2,9.09,15,12.61,5,11.9,4,28.57,1,6.67,26,10.48,2,6.67,0,0,3,15.79,5,11.63,3,20,1,8.33,3,18.75,2,50,0,0,4,44.44,1,16.67,6,8.82,5,10.42,0,0,1,6.25,13,8.78,2,50,4,19.05,1,14.29,0,0,0,0,0,0,0,0,3,8.11,3,9.38,0,0,0,0,1,12.5,1,12.5,5,18.52,3,16.67,0,0,4,7.14,4,22.22,10,12.82,7,17.07,1,20,4,18.18,0,0,1,14.29,0,0,0,0,2,2.78,6,33.33,13,10.92,8,6.35,7,25,0,0,2,40,53,12.83,53,9.67
ANIMAL CRUELTY,57,0.14,0,0,0,0,0,0,0,0,1,0.13,0,0,0,0,0,0,0,0,0,0,0,0,0,0,0,0,0,0,0,0,1,0.16,1,0.02,0,0,0,0,0,0,0,0,0,0,0,0,1,0.36,0,0,2,0.2,0,0,1,0.29,0,0,0,0,0,0,0,0,0,0,0,0,0,0,0,0,0,0,0,0,0,0,1,0.78,0,0,0,0,0,0,0,0,0,0,0,0,0,0,0,0,3,0.61,0,0,0,0,1,0.46,1,1.61,0,0,0,0,0,0,0,0,0,0,1,1.85,0,0,0,0,0,0,0,0,0,0,0,0,0,0,0,0,0,0,0,0,0,0,0,0,0,0,1,0.98,0,0,0,0,1,0.7,0,0,0,0,0,0,0,0,0,0,1,0.77,0,0,0,0,0,0,0,0,0,0,1,0.21,0,0,0,0,0,0,0,0,0,0,0,0,5,0.58,0,0,0,0,0,0,0,0,0,0,3,0.76,0,0,0,0,0,0,0,0,0,0,0,0,0,0,1,2.27,0,0,0,0,0,0,0,0,0,0,0,0,0,0,0,0,0,0,0,0,5,0.56,1,0.05,0,0,0,0,0,0,0,0,0,0,0,0,0,0,0,0,0,0,0,0,0,0,0,0,0,0,0,0,0,0,0,0,0,0,0,0,0,0,0,0,0,0,0,0,0,0,0,0,0,0,0,0,3,1.29,3,0.8,0,0,0,0,0,0,0,0,0,0,0,0,0,0,0,0,0,0,0,0,0,0,0,0,0,0,0,0,0,0,0,0,1,0.38,0,0,0,0,0,0,0,0,0,0,0,0,0,0,0,0,0,0,0,0,0,0,0,0,0,0,0,0,0,0,0,0,0,0,2,3.08,0,0,0,0,0,0,0,0,0,0,0,0,0,0,1,0.64,1,0.04,0,0,0,0,0,0,0,0,0,0,0,0,0,0,0,0,0,0,0,0,0,0,0,0,0,0,0,0,0,0,0,0,0,0,0,0,0,0,0,0,0,0,0,0,0,0,0,0,0,0,0,0,0,0,0,0,0,0,0,0,0,0,0,0,0,0,0,0,0,0,0,0,0,0,0,0,0,0,0,0,0,0,0,0,0,0,0,0,0,0,0,0,0,0,0,0,0,0,0,0,0,0,0,0,0,0,0,0,0,0,0,0,0,0,0,0,0,0,0,0,0,0,6,0.34,0,0,0,0,0,0,0,0,0,0,0,0,0,0,0,0,0,0,2,0.41,0,0,0,0,0,0,0,0,0,0,0,0,0,0,0,0,0,0,0,0,1,1.54,0,0,0,0,0,0,1,2.56,0,0,0,0,0,0,0,0,0,0,0,0,0,0,0,0,0,0,0,0,0,0,0,0,0,0,0,0,0,0,0,0,0,0,0,0,0,0,1,0.85,0,0,0,0,0,0,0,0,0,0,0,0,0,0,0,0,0,0,0,0,0,0,0,0,0,0,1,2.38,0,0,0,0,0,0,0,0,0,0,0,0,0,0,0,0,0,0,0,0,0,0,0,0,0,0,0,0,0,0,0,0,0,0,0,0,0,0,0,0,0,0,0,0,0,0,0,0,0,0,0,0,0,0,0,0,0,0,0,0,0,0,0,0,0,0,0,0,0,0,1,1.79,0,0,0,0,0,0,0,0,0,0,0,0,0,0,0,0,0,0,0,0,0,0,0,0,0,0,0,0,0,0,0,0,0,0,3,0.55
ARSON,121,0.3,0,0,0,0,0,0,0,0,2,0.26,0,0,0,0,1,0.15,1,3.33,0,0,0,0,0,0,0,0,0,0,0,0,2,0.33,11,0.25,0,0,3,0.22,0,0,1,0.4,1,0.16,1,1.06,0,0,0,0,0,0,0,0,1,0.29,0,0,0,0,0,0,1,0.82,0,0,0,0,0,0,2,0.75,0,0,0,0,0,0,1,0.78,0,0,3,1.13,2,0.31,4,0.42,0,0,0,0,0,0,0,0,4,0.81,0,0,0,0,3,1.37,0,0,5,2.17,0,0,0,0,1,1.11,0,0,0,0,1,1.89,0,0,0,0,1,1.32,1,1.52,0,0,0,0,0,0,0,0,0,0,1,1.85,0,0,1,0.99,0,0,4,1.96,3,2.59,0,0,0,0,0,0,0,0,2,2.11,0,0,1,0.77,0,0,1,0.79,0,0,0,0,0,0,2,0.42,0,0,0,0,0,0,2,2.22,0,0,0,0,1,0.12,1,0.54,0,0,2,0.43,0,0,0,0,1,0.25,1,3.23,1,0.43,1,1.64,0,0,0,0,0,0,0,0,0,0,0,0,0,0,0,0,0,0,0,0,0,0,0,0,0,0,0,0,0,0,4,0.45,9,0.48,0,0,0,0,4,2.4,0,0,0,0,0,0,0,0,0,0,1,2.56,0,0,1,2.86,0,0,0,0,0,0,0,0,0,0,3,0.93,0,0,0,0,0,0,0,0,0,0,1,50,0,0,0,0,0,0,3,1.29,4,1.07,1,0.58,0,0,0,0,3,2.36,0,0,0,0,0,0,0,0,0,0,0,0,0,0,0,0,1,3.45,0,0,0,0,0,0,2,0.75,0,0,0,0,0,0,0,0,0,0,0,0,0,0,0,0,0,0,2,0.77,0,0,0,0,0,0,0,0,1,4.55,0,0,0,0,0,0,0,0,0,0,0,0,0,0,0,0,0,0,0,0,1,0.64,3,0.13,0,0,0,0,0,0,0,0,0,0,0,0,0,0,0,0,0,0,0,0,0,0,0,0,0,0,0,0,0,0,0,0,1,0.56,0,0,0,0,0,0,0,0,0,0,0,0,0,0,0,0,0,0,0,0,0,0,0,0,0,0,0,0,0,0,0,0,0,0,0,0,0,0,0,0,0,0,0,0,1,1.14,0,0,0,0,0,0,0,0,0,0,0,0,0,0,0,0,0,0,0,0,0,0,0,0,0,0,0,0,0,0,0,0,0,0,0,0,0,0,0,0,0,0,1,0.06,0,0,0,0,0,0,0,0,0,0,0,0,0,0,0,0,0,0,1,0.2,1,0.5,1,0.54,0,0,0,0,0,0,0,0,0,0,0,0,0,0,0,0,0,0,0,0,0,0,0,0,0,0,0,0,0,0,0,0,0,0,0,0,0,0,0,0,0,0,0,0,0,0,0,0,0,0,0,0,0,0,0,0,0,0,0,0,0,0,0,0,0,0,0,0,0,0,0,0,0,0,0,0,0,0,0,0,0,0,0,0,0,0,0,0,0,0,0,0,0,0,0,0,0,0,0,0,0,0,0,0,0,0,1,2.33,0,0,0,0,0,0,0,0,0,0,0,0,0,0,0,0,0,0,0,0,0,0,0,0,0,0,0,0,0,0,0,0,0,0,0,0,0,0,1,2.7,0,0,0,0,0,0,0,0,0,0,0,0,0,0,0,0,1,1.79,0,0,0,0,0,0,0,0,0,0,0,0,0,0,0,0,0,0,2,2.78,0,0,0,0,0,0,0,0,0,0,0,0,0,0,1,0.18
BETTING/ WAGERING,22,0.05,0,0,0,0,0,0,0,0,0,0,0,0,0,0,0,0,0,0,0,0,0,0,0,0,0,0,0,0,1,1.54,0,0,0,0,0,0,0,0,0,0,0,0,0,0,0,0,0,0,0,0,0,0,0,0,0,0,0,0,0,0,0,0,0,0,0,0,0,0,0,0,0,0,0,0,0,0,0,0,0,0,0,0,0,0,0,0,0,0,0,0,1,1.2,0,0,1,2.04,1,0.2,1,0.81,0,0,0,0,0,0,0,0,0,0,0,0,0,0,0,0,0,0,0,0,0,0,0,0,0,0,0,0,0,0,0,0,0,0,0,0,0,0,0,0,0,0,0,0,0,0,0,0,0,0,0,0,0,0,0,0,0,0,0,0,0,0,0,0,0,0,0,0,0,0,0,0,0,0,0,0,0,0,0,0,0,0,0,0,0,0,0,0,3,0.35,0,0,0,0,0,0,0,0,0,0,0,0,0,0,0,0,0,0,0,0,0,0,0,0,0,0,0,0,0,0,0,0,0,0,0,0,0,0,0,0,0,0,0,0,0,0,0,0,2,0.23,1,0.05,0,0,0,0,0,0,0,0,0,0,0,0,0,0,0,0,0,0,0,0,0,0,0,0,0,0,0,0,0,0,0,0,0,0,0,0,0,0,0,0,0,0,0,0,0,0,0,0,0,0,0,0,1,0.43,0,0,0,0,0,0,0,0,0,0,0,0,0,0,0,0,0,0,0,0,1,9.09,0,0,0,0,0,0,0,0,0,0,0,0,0,0,0,0,0,0,0,0,0,0,0,0,0,0,0,0,0,0,0,0,0,0,0,0,0,0,0,0,0,0,0,0,0,0,0,0,0,0,0,0,0,0,0,0,0,0,0,0,0,0,0,0,1,0.64,3,0.13,0,0,0,0,0,0,0,0,0,0,0,0,0,0,0,0,0,0,0,0,0,0,0,0,0,0,0,0,0,0,0,0,1,0.56,0,0,0,0,0,0,0,0,0,0,0,0,0,0,0,0,0,0,0,0,0,0,0,0,0,0,0,0,0,0,0,0,0,0,0,0,0,0,0,0,0,0,0,0,0,0,0,0,0,0,0,0,0,0,0,0,0,0,0,0,0,0,0,0,0,0,0,0,0,0,0,0,0,0,0,0,0,0,0,0,0,0,0,0,0,0,0,0,0,0,0,0,0,0,0,0,0,0,0,0,0,0,0,0,0,0,0,0,0,0,0,0,1,0.54,1,2.33,0,0,0,0,0,0,0,0,0,0,0,0,0,0,0,0,0,0,0,0,0,0,0,0,0,0,0,0,0,0,0,0,0,0,0,0,0,0,0,0,0,0,0,0,0,0,0,0,0,0,0,0,0,0,0,0,0,0,0,0,0,0,0,0,0,0,0,0,0,0,0,0,0,0,0,0,0,0,0,0,0,0,0,0,0,0,0,0,0,0,0,0,0,0,0,0,0,0,0,0,0,0,0,0,0,0,0,0,0,0,0,0,0,0,0,0,0,0,0,0,0,0,0,0,0,0,0,0,0,0,0,0,0,0,0,0,0,0,0,0,0,0,0,0,0,0,0,0,0,0,0,0,0,0,0,0,0,0,0,0,0,0,0,0,0,0,2,2.56,0,0,0,0,0,0,0,0,0,0,0,0,0,0,0,0,0,0,0,0,0,0,0,0,0,0,0,0,0,0,1,0.18
BRIBERY,1,0,0,0,0,0,0,0,0,0,0,0,0,0,0,0,0,0,0,0,0,0,0,0,0,0,0,0,0,0,0,0,0,0,0,0,0,0,0,0,0,0,0,0,0,0,0,0,0,0,0,0,0,0,0,0,0,0,0,0,0,0,0,0,0,0,0,0,0,0,0,0,0,0,0,0,0,0,0,0,0,0,0,0,0,0,0,0,0,0,0,0,0,0,0,0,0,0,0,0,0,0,0,0,0,0,0,0,0,0,0,0,0,0,0,0,0,0,0,0,0,0,0,0,0,0,0,0,0,0,0,0,0,0,0,0,0,0,0,0,0,0,0,0,0,0,0,0,0,0,0,0,0,0,0,0,0,0,0,0,0,0,0,0,0,0,0,0,0,0,0,0,0,0,0,0,1,0.21,0,0,0,0,0,0,0,0,0,0,0,0,0,0,0,0,0,0,0,0,0,0,0,0,0,0,0,0,0,0,0,0,0,0,0,0,0,0,0,0,0,0,0,0,0,0,0,0,0,0,0,0,0,0,0,0,0,0,0,0,0,0,0,0,0,0,0,0,0,0,0,0,0,0,0,0,0,0,0,0,0,0,0,0,0,0,0,0,0,0,0,0,0,0,0,0,0,0,0,0,0,0,0,0,0,0,0,0,0,0,0,0,0,0,0,0,0,0,0,0,0,0,0,0,0,0,0,0,0,0,0,0,0,0,0,0,0,0,0,0,0,0,0,0,0,0,0,0,0,0,0,0,0,0,0,0,0,0,0,0,0,0,0,0,0,0,0,0,0,0,0,0,0,0,0,0,0,0,0,0,0,0,0,0,0,0,0,0,0,0,0,0,0,0,0,0,0,0,0,0,0,0,0,0,0,0,0,0,0,0,0,0,0,0,0,0,0,0,0,0,0,0,0,0,0,0,0,0,0,0,0,0,0,0,0,0,0,0,0,0,0,0,0,0,0,0,0,0,0,0,0,0,0,0,0,0,0,0,0,0,0,0,0,0,0,0,0,0,0,0,0,0,0,0,0,0,0,0,0,0,0,0,0,0,0,0,0,0,0,0,0,0,0,0,0,0,0,0,0,0,0,0,0,0,0,0,0,0,0,0,0,0,0,0,0,0,0,0,0,0,0,0,0,0,0,0,0,0,0,0,0,0,0,0,0,0,0,0,0,0,0,0,0,0,0,0,0,0,0,0,0,0,0,0,0,0,0,0,0,0,0,0,0,0,0,0,0,0,0,0,0,0,0,0,0,0,0,0,0,0,0,0,0,0,0,0,0,0,0,0,0,0,0,0,0,0,0,0,0,0,0,0,0,0,0,0,0,0,0,0,0,0,0,0,0,0,0,0,0,0,0,0,0,0,0,0,0,0,0,0,0,0,0,0,0,0,0,0,0,0,0,0,0,0,0,0,0,0,0,0,0,0,0,0,0,0,0,0,0,0,0,0,0,0,0,0,0,0,0,0,0,0,0,0,0,0,0,0,0,0,0,0,0,0,0,0,0,0,0,0,0,0,0,0,0,0,0,0,0,0,0,0,0,0,0,0,0,0,0,0,0,0,0,0,0,0,0,0,0,0,0,0,0,0,0,0,0,0,0,0,0,0,0,0,0,0,0,0,0,0,0,0,0,0,0,0,0,0,0,0,0,0,0,0,0,0,0,0,0,0
BURGLARY-BUSINESS,2025,4.98,0,0,4,1.06,9,5.23,18,6.06,18,2.32,11,2.26,7,2.51,18,2.75,1,3.33,3,9.09,1,1.19,7,5.15,2,5.41,32,7.9,0,0,24,3.94,200,4.52,2,0.85,45,3.35,3,1.18,9,3.59,17,2.66,6,6.38,9,3.27,11,2.72,44,4.33,5,4.81,19,5.46,0,0,5,3.07,2,4.55,6,4.92,0,0,1,10,0,0,14,5.22,9,10.47,3,6.67,2,4.17,10,7.81,6,4.69,25,9.4,20,3.06,27,2.86,12,4.11,3,3.61,2,2.41,4,8.16,18,3.66,3,2.42,2,2.94,6,2.74,0,0,19,8.26,3,25,10,12.66,2,2.22,0,0,5,9.26,2,3.77,0,0,10,5.29,9,11.84,15,22.73,1,16.67,7,4.38,0,0,7,6.48,10,2.42,1,1.85,15,9.09,30,29.7,4,3.92,10,4.9,7,6.03,15,10.49,5,4.67,0,0,2,5,2,2.11,0,0,8,6.15,1,5.88,23,18.11,1,2.27,0,0,2,6.06,37,7.84,3,3.3,6,5.83,13,7.6,2,2.22,2,2.6,0,0,41,4.78,14,7.61,18,7.41,14,3.02,0,0,10,23.26,7,1.78,0,0,6,2.56,0,0,1,3.33,2,2.41,5,2.59,0,0,3,6.82,5,12.2,0,0,16,7.08,8,7.77,6,11.32,1,3.12,1,2.13,5,5.95,3,5.36,2,2.3,69,7.77,184,9.84,0,0,0,0,11,6.59,0,0,1,3.45,0,0,4,4.35,0,0,1,2.56,0,0,0,0,0,0,9,7.5,1,5,4,7.55,2,4.88,20,6.21,1,1.05,18,21.18,1,33.33,5,7.14,0,0,0,0,0,0,0,0,0,0,8,3.43,12,3.22,2,1.16,1,1.61,6,6.06,5,3.94,4,3.23,3,4.35,0,0,0,0,0,0,0,0,0,0,1,3.23,0,0,1,4.76,0,0,0,0,2,0.75,10,5.88,0,0,2,15.38,2,4.08,2,6.06,9,5.23,0,0,0,0,0,0,8,3.07,0,0,0,0,0,0,5,29.41,3,13.64,0,0,0,0,4,6.15,0,0,0,0,0,0,0,0,0,0,0,0,1,10,6,3.85,152,6.7,0,0,9,17.31,2,4.17,2,12.5,0,0,0,0,1,3.45,2,4.76,1,25,0,0,9,17.65,3,9.38,2,8.33,0,0,0,0,0,0,5,2.82,0,0,1,5.56,0,0,4,12.12,0,0,4,7.41,13,9.35,4,2.4,1,5.88,0,0,0,0,2,1.85,16,5.1,0,0,1,4.55,15,6.22,0,0,0,0,4,4.21,2,22.22,2,14.29,3,33.33,10,11.36,11,9.24,0,0,2,1.65,1,2.38,0,0,0,0,0,0,1,9.09,1,3.45,0,0,3,5.66,0,0,1,14.29,2,6.45,2,15.38,0,0,1,1.64,1,4.35,0,0,0,0,1,6.25,64,3.63,0,0,0,0,2,5.88,1,4.17,3,5.08,1,2.08,1,4.35,4,4.44,1,7.69,16,3.25,22,10.89,16,8.7,0,0,3,7.5,1,2.94,0,0,7,5.98,0,0,1,20,0,0,2,3.08,1,1.67,1,3.85,0,0,1,2.56,0,0,3,6.67,1,25,0,0,2,28.57,0,0,2,12.5,2,3.64,0,0,0,0,0,0,4,11.43,0,0,0,0,4,6.35,0,0,1,2.86,0,0,0,0,14,11.86,4,8.33,1,2.56,0,0,0,0,0,0,0,0,0,0,0,0,4,11.11,0,0,13,6.81,0,0,7,5.88,6,14.29,1,7.14,0,0,9,3.63,1,3.33,0,0,0,0,0,0,0,0,2,16.67,0,0,0,0,0,0,0,0,0,0,6,8.82,3,6.25,0,0,0,0,3,2.03,0,0,0,0,0,0,0,0,0,0,0,0,0,0,0,0,1,3.12,0,0,0,0,0,0,0,0,3,11.11,0,0,0,0,2,3.57,0,0,3,3.85,2,4.88,0,0,1,4.55,0,0,0,0,0,0,0,0,1,1.39,0,0,3,2.52,5,3.97,1,3.57,0,0,0,0,33,7.99,26,4.74
BURGLARY-RESIDENCE,1745,4.29,0,0,6,1.59,2,1.16,5,1.68,12,1.55,18,3.7,4,1.43,9,1.38,0,0,3,9.09,4,4.76,8,5.88,1,2.7,13,3.21,1,1.54,24,3.94,222,5.02,12,5.08,50,3.73,16,6.3,8,3.19,22,3.44,5,5.32,21,7.64,2,0.49,15,1.47,1,0.96,3,0.86,1,8.33,1,0.61,5,11.36,11,9.02,4,21.05,2,20,2,2.22,6,2.24,1,1.16,2,4.44,2,4.17,5,3.91,8,6.25,15,5.64,28,4.29,55,5.83,9,3.08,3,3.61,7,8.43,1,2.04,26,5.28,2,1.61,8,11.76,9,4.11,4,6.45,16,6.96,0,0,1,1.27,3,3.33,0,0,6,11.11,4,7.55,1,14.29,1,0.53,3,3.95,0,0,1,16.67,9,5.62,1,14.29,5,4.63,31,7.49,6,11.11,8,4.85,8,7.92,5,4.9,11,5.39,2,1.72,7,4.9,5,4.67,4,20,5,12.5,9,9.47,0,0,9,6.92,0,0,2,1.57,0,0,0,0,2,6.06,15,3.18,4,4.4,4,3.88,5,2.92,5,5.56,8,10.39,0,0,24,2.8,6,3.26,9,3.7,13,2.8,5,35.71,3,6.98,24,6.11,2,6.45,8,3.42,1,1.64,2,6.67,4,4.82,6,3.11,2,5.41,2,4.55,0,0,2,6.67,13,5.75,9,8.74,6,11.32,3,9.38,3,6.38,1,1.19,3,5.36,11,12.64,43,4.84,68,3.64,0,0,0,0,5,2.99,3,14.29,1,3.45,0,0,1,1.09,0,0,3,7.69,1,3.7,2,5.71,0,0,2,1.67,1,5,1,1.89,1,2.44,16,4.97,0,0,3,3.53,0,0,4,5.71,0,0,0,0,3,11.11,0,0,3,27.27,10,4.29,33,8.85,3,1.74,3,4.84,6,6.06,6,4.72,4,3.23,2,2.9,0,0,1,3.45,0,0,0,0,1,14.29,1,3.23,3,10.34,5,23.81,1,4.17,2,3.33,9,3.4,7,4.12,0,0,1,7.69,7,14.29,1,3.03,15,8.72,2,6.67,1,25,0,0,13,4.98,0,0,1,2.38,1,2.5,1,5.88,1,4.55,0,0,2,5,1,1.54,1,20,0,0,0,0,0,0,1,4.55,0,0,0,0,0,0,66,2.91,2,18.18,0,0,2,4.17,0,0,2,10,2,8.33,3,10.34,3,7.14,0,0,0,0,3,5.88,1,3.12,3,12.5,3,21.43,4,15.38,0,0,7,3.95,2,8.33,0,0,1,100,0,0,0,0,2,3.7,8,5.76,8,4.79,0,0,0,0,3,6.38,2,1.85,5,1.59,2,9.09,3,13.64,7,2.9,2,11.76,2,25,15,15.79,1,11.11,1,7.14,0,0,11,12.5,7,5.88,0,0,4,3.31,2,4.76,0,0,0,0,0,0,1,9.09,1,3.45,1,3.23,4,7.55,0,0,0,0,1,3.23,0,0,1,25,3,4.92,3,13.04,0,0,2,8,3,18.75,77,4.37,0,0,0,0,0,0,0,0,1,1.69,6,12.5,2,8.7,4,4.44,4,30.77,33,6.69,15,7.43,7,3.8,3,6.98,1,2.5,2,5.88,0,0,21,17.95,1,25,1,20,0,0,5,7.69,6,10,2,7.69,0,0,1,2.56,0,0,3,6.67,0,0,1,12.5,1,14.29,0,0,2,12.5,4,7.27,2,20,1,16.67,0,0,0,0,2,28.57,1,20,2,3.17,4,40,2,5.71,0,0,0,0,6,5.08,1,2.08,3,7.69,0,0,0,0,1,16.67,0,0,0,0,0,0,1,2.78,0,0,11,5.76,0,0,11,9.24,4,9.52,0,0,3,20,7,2.82,2,6.67,0,0,1,5.26,0,0,1,6.67,0,0,0,0,2,50,0,0,0,0,0,0,2,2.94,1,2.08,0,0,0,0,5,3.38,0,0,0,0,0,0,1,25,0,0,0,0,0,0,1,2.7,7,21.88,0,0,0,0,0,0,0,0,3,11.11,1,5.56,0,0,3,5.36,2,11.11,0,0,0,0,1,20,2,9.09,1,25,1,14.29,0,0,0,0,6,8.33,0,0,8,6.72,2,1.59,1,3.57,0,0,0,0,22,5.33,27,4.93
COUNTERFEITING / FORGERY,147,0.36,0,0,3,0.79,0,0,1,0.34,1,0.13,1,0.21,0,0,5,0.76,0,0,0,0,0,0,0,0,0,0,2,0.49,0,0,1,0.16,18,0.41,1,0.42,7,0.52,0,0,0,0,2,0.31,0,0,0,0,2,0.49,2,0.2,0,0,1,0.29,1,8.33,0,0,2,4.55,0,0,0,0,0,0,0,0,0,0,0,0,0,0,0,0,0,0,0,0,1,0.38,5,0.77,2,0.21,5,1.71,0,0,0,0,0,0,0,0,0,0,0,0,0,0,0,0,0,0,0,0,0,0,0,0,0,0,0,0,0,0,0,0,3,1.59,0,0,0,0,0,0,2,1.25,0,0,1,0.93,0,0,0,0,0,0,1,0.99,0,0,1,0.49,0,0,0,0,0,0,0,0,0,0,0,0,0,0,1,0.77,0,0,1,0.79,1,2.27,0,0,0,0,1,0.21,0,0,0,0,1,0.58,0,0,0,0,0,0,4,0.47,0,0,1,0.41,0,0,0,0,0,0,0,0,0,0,2,0.85,1,1.64,0,0,0,0,0,0,0,0,0,0,0,0,0,0,1,0.44,1,0.97,0,0,0,0,0,0,0,0,1,1.79,0,0,0,0,5,0.27,0,0,0,0,0,0,0,0,0,0,0,0,0,0,0,0,0,0,0,0,0,0,0,0,0,0,0,0,1,1.89,0,0,1,0.31,0,0,1,1.18,0,0,0,0,0,0,0,0,0,0,0,0,0,0,1,0.43,1,0.27,0,0,0,0,0,0,0,0,0,0,0,0,0,0,0,0,0,0,0,0,0,0,0,0,0,0,0,0,0,0,0,0,2,0.75,3,1.76,0,0,0,0,0,0,0,0,0,0,0,0,0,0,0,0,2,0.77,0,0,0,0,0,0,0,0,0,0,0,0,1,2.5,0,0,0,0,0,0,0,0,0,0,0,0,0,0,0,0,0,0,13,0.57,0,0,0,0,0,0,0,0,0,0,0,0,0,0,0,0,0,0,0,0,1,1.96,0,0,0,0,0,0,0,0,0,0,1,0.56,0,0,0,0,0,0,0,0,0,0,0,0,0,0,0,0,0,0,0,0,0,0,0,0,1,0.32,0,0,0,0,4,1.66,0,0,0,0,0,0,0,0,0,0,0,0,0,0,0,0,0,0,0,0,0,0,0,0,0,0,0,0,0,0,0,0,0,0,0,0,0,0,0,0,0,0,0,0,0,0,0,0,0,0,1,11.11,0,0,0,0,14,0.79,0,0,0,0,0,0,0,0,0,0,1,2.08,0,0,1,1.11,0,0,2,0.41,0,0,0,0,0,0,1,2.5,0,0,0,0,0,0,0,0,0,0,0,0,0,0,0,0,0,0,0,0,0,0,0,0,1,2.22,0,0,0,0,0,0,0,0,0,0,2,3.64,0,0,0,0,0,0,0,0,0,0,0,0,2,3.17,0,0,1,2.86,1,8.33,0,0,0,0,0,0,0,0,0,0,0,0,0,0,0,0,0,0,0,0,0,0,0,0,1,0.52,0,0,2,1.68,0,0,0,0,0,0,2,0.81,0,0,0,0,0,0,0,0,0,0,0,0,0,0,0,0,0,0,0,0,0,0,0,0,1,2.08,0,0,0,0,2,1.35,0,0,0,0,1,14.29,0,0,0,0,0,0,0,0,1,2.7,0,0,0,0,0,0,0,0,0,0,0,0,0,0,0,0,0,0,0,0,0,0,0,0,0,0,0,0,0,0,0,0,0,0,0,0,0,0,0,0,0,0,0,0,0,0,0,0,0,0,0,0,2,0.36
CREDIT CARD/ ATM FRAUD,130,0.32,0,0,1,0.26,0,0,2,0.67,6,0.77,4,0.82,1,0.36,2,0.31,0,0,0,0,2,2.38,0,0,0,0,1,0.25,0,0,3,0.49,10,0.23,0,0,4,0.3,0,0,1,0.4,2,0.31,0,0,0,0,1,0.25,4,0.39,0,0,2,0.57,0,0,0,0,0,0,0,0,0,0,0,0,3,3.33,0,0,0,0,0,0,0,0,0,0,1,0.78,3,1.13,2,0.31,1,0.11,0,0,0,0,0,0,1,2.04,3,0.61,0,0,0,0,1,0.46,0,0,1,0.43,0,0,0,0,0,0,0,0,0,0,0,0,0,0,1,0.53,0,0,0,0,0,0,0,0,0,0,1,0.93,3,0.72,0,0,0,0,0,0,0,0,0,0,0,0,0,0,0,0,1,5,0,0,1,1.05,0,0,0,0,0,0,0,0,0,0,1,25,0,0,2,0.42,0,0,0,0,0,0,1,1.11,1,1.3,0,0,0,0,1,0.54,1,0.41,2,0.43,0,0,0,0,2,0.51,0,0,0,0,0,0,0,0,0,0,0,0,0,0,0,0,0,0,0,0,0,0,0,0,0,0,0,0,0,0,0,0,0,0,0,0,0,0,3,0.16,0,0,0,0,2,1.2,0,0,0,0,0,0,0,0,0,0,0,0,0,0,0,0,0,0,0,0,0,0,0,0,0,0,2,0.62,0,0,0,0,0,0,1,1.43,0,0,0,0,0,0,0,0,0,0,1,0.43,1,0.27,1,0.58,0,0,1,1.01,1,0.79,0,0,1,1.45,0,0,0,0,0,0,0,0,0,0,1,3.23,0,0,0,0,0,0,0,0,1,0.38,0,0,0,0,0,0,0,0,0,0,0,0,0,0,0,0,0,0,0,0,0,0,0,0,0,0,0,0,0,0,0,0,0,0,0,0,0,0,0,0,0,0,0,0,0,0,0,0,0,0,1,0.64,10,0.44,0,0,0,0,1,2.08,0,0,0,0,0,0,0,0,0,0,0,0,0,0,0,0,0,0,0,0,0,0,0,0,0,0,0,0,0,0,0,0,0,0,0,0,0,0,0,0,1,0.72,0,0,0,0,0,0,0,0,0,0,0,0,0,0,0,0,2,0.83,0,0,0,0,1,1.05,0,0,0,0,0,0,0,0,0,0,0,0,0,0,2,4.76,0,0,0,0,0,0,0,0,0,0,0,0,0,0,1,33.33,0,0,1,3.23,0,0,0,0,0,0,0,0,0,0,0,0,0,0,5,0.28,0,0,0,0,0,0,0,0,0,0,0,0,0,0,1,1.11,0,0,0,0,0,0,0,0,0,0,0,0,0,0,0,0,0,0,0,0,0,0,0,0,0,0,0,0,0,0,0,0,0,0,0,0,1,2.22,0,0,0,0,0,0,0,0,0,0,0,0,0,0,0,0,0,0,0,0,0,0,0,0,1,1.59,0,0,0,0,0,0,0,0,0,0,0,0,0,0,1,3.12,0,0,0,0,0,0,0,0,0,0,1,2.78,0,0,0,0,0,0,2,1.68,0,0,0,0,0,0,2,0.81,0,0,0,0,0,0,0,0,0,0,1,8.33,0,0,0,0,0,0,0,0,0,0,1,1.47,2,4.17,0,0,1,6.25,1,0.68,0,0,0,0,0,0,0,0,0,0,0,0,0,0,1,2.7,0,0,0,0,0,0,0,0,0,0,0,0,0,0,0,0,0,0,0,0,1,1.28,0,0,0,0,0,0,0,0,0,0,0,0,0,0,0,0,0,0,1,0.84,0,0,0,0,0,0,0,0,1,0.24,1,0.18
DESTRUCTION/ DAMAGE/ VANDALISM OF PROPERTY,4823,11.87,7,14,30,7.94,34,19.77,42,14.14,91,11.73,47,9.65,25,8.96,39,5.96,2,6.67,1,3.03,13,15.48,11,8.09,2,5.41,26,6.42,9,13.85,66,10.84,419,9.48,15,6.36,108,8.05,22,8.66,17,6.77,57,8.91,27,28.72,20,7.27,30,7.41,123,12.09,21,20.19,56,16.09,0,0,7,4.29,7,15.91,19,15.57,4,21.05,1,10,17,18.89,18,6.72,6,6.98,4,8.89,4,8.33,7,5.47,6,4.69,34,12.78,51,7.81,91,9.64,36,12.33,11,13.25,8,9.64,4,8.16,76,15.45,14,11.29,10,14.71,32,14.61,7,11.29,25,10.87,1,8.33,10,12.66,8,8.89,0,0,4,7.41,7,13.21,1,14.29,11,5.82,7,9.21,4,6.06,0,0,12,7.5,2,28.57,8,7.41,28,6.76,5,9.26,17,10.3,6,5.94,19,18.63,42,20.59,31,26.72,24,16.78,18,16.82,5,25,9,22.5,15,15.79,1,4.55,9,6.92,2,11.76,14,11.02,3,6.82,0,0,0,0,40,8.47,10,10.99,10,9.71,10,5.85,8,8.89,7,9.09,1,50,108,12.59,28,15.22,32,13.17,72,15.52,3,21.43,7,16.28,69,17.56,7,22.58,34,14.53,6,9.84,2,6.67,13,15.66,39,20.21,12,32.43,8,18.18,6,14.63,3,10,17,7.52,10,9.71,7,13.21,1,3.12,7,14.89,10,11.9,9,16.07,22,25.29,168,18.92,275,14.71,0,0,4,20,23,13.77,5,23.81,8,27.59,0,0,17,18.48,2,13.33,2,5.13,1,3.7,6,17.14,5,21.74,16,13.33,2,10,7,13.21,5,12.2,25,7.76,9,9.47,5,5.88,0,0,3,4.29,1,25,0,0,0,0,0,0,0,0,35,15.02,54,14.48,16,9.3,15,24.19,11,11.11,18,14.17,15,12.1,3,4.35,4,14.81,5,17.24,0,0,2,18.18,0,0,4,12.9,3,10.34,2,9.52,1,4.17,13,21.67,37,13.96,23,13.53,2,22.22,0,0,5,10.2,2,6.06,15,8.72,1,3.33,1,25,0,0,51,19.54,6,16.22,9,21.43,9,22.5,1,5.88,4,18.18,1,11.11,10,25,13,20,0,0,4,13.79,0,0,0,0,0,0,2,12.5,2,20,13,8.33,289,12.74,0,0,2,3.85,2,4.17,1,6.25,1,5,2,8.33,2,6.9,3,7.14,0,0,0,0,2,3.92,3,9.38,3,12.5,1,7.14,1,3.85,0,0,25,14.12,7,29.17,3,16.67,0,0,4,12.12,1,11.11,5,9.26,16,11.51,16,9.58,0,0,0,0,2,4.26,7,6.48,33,10.51,2,9.09,3,13.64,29,12.03,1,5.88,1,12.5,11,11.58,0,0,1,7.14,3,33.33,12,13.64,14,11.76,1,20,31,25.62,6,14.29,1,33.33,1,50,1,8.33,1,9.09,3,10.34,5,16.13,13,24.53,0,0,0,0,0,0,0,0,0,0,2,3.28,2,8.7,1,11.11,9,36,2,12.5,220,12.48,1,11.11,0,0,1,2.94,2,8.33,15,25.42,3,6.25,3,13.04,2,2.22,1,7.69,94,19.07,12,5.94,22,11.96,8,18.6,7,17.5,4,11.76,0,0,14,11.97,1,25,0,0,0,0,12,18.46,10,16.67,1,3.85,0,0,2,5.13,3,60,6,13.33,1,25,0,0,0,0,1,4.17,2,12.5,8,14.55,1,10,1,16.67,0,0,5,14.29,1,14.29,1,20,5,7.94,0,0,2,5.71,1,8.33,0,0,19,16.1,10,20.83,5,12.82,1,3.12,5,17.24,2,33.33,1,100,1,100,1,25,3,8.33,0,0,19,9.95,4,18.18,9,7.56,5,11.9,1,7.14,1,6.67,19,7.66,4,13.33,1,100,1,5.26,5,11.63,6,40,1,8.33,2,12.5,0,0,1,100,1,11.11,1,16.67,11,16.18,4,8.33,0,0,1,6.25,23,15.54,0,0,2,9.52,0,0,0,0,1,100,3,60,1,20,5,13.51,6,18.75,1,33.33,2,33.33,1,12.5,3,37.5,1,3.7,4,22.22,3,21.43,9,16.07,1,5.56,14,17.95,4,9.76,1,20,2,9.09,0,0,1,14.29,0,0,0,0,11,15.28,1,5.56,19,15.97,11,8.73,2,7.14,4,15.38,1,20,18,4.36,81,14.78
DRUG EQUIPMENT VIOLATIONS,139,0.34,0,0,1,0.26,0,0,0,0,2,0.26,0,0,0,0,2,0.31,0,0,2,6.06,0,0,0,0,0,0,1,0.25,0,0,0,0,5,0.11,0,0,0,0,0,0,0,0,2,0.31,1,1.06,0,0,1,0.25,0,0,0,0,2,0.57,0,0,1,0.61,0,0,0,0,0,0,0,0,0,0,2,0.75,0,0,0,0,0,0,3,2.34,2,1.56,1,0.38,0,0,2,0.21,0,0,2,2.41,0,0,0,0,5,1.02,1,0.81,0,0,4,1.83,0,0,2,0.87,0,0,0,0,1,1.11,0,0,0,0,0,0,0,0,0,0,0,0,0,0,0,0,1,0.62,0,0,0,0,0,0,1,1.85,1,0.61,1,0.99,0,0,0,0,0,0,0,0,1,0.93,0,0,1,2.5,0,0,0,0,1,0.77,0,0,0,0,0,0,0,0,0,0,0,0,1,1.1,0,0,0,0,0,0,1,1.3,0,0,3,0.35,0,0,1,0.41,1,0.22,0,0,0,0,1,0.25,0,0,5,2.14,0,0,0,0,0,0,2,1.04,0,0,0,0,1,2.44,1,3.33,2,0.88,0,0,0,0,1,3.12,0,0,0,0,0,0,0,0,0,0,24,1.28,0,0,0,0,2,1.2,2,9.52,0,0,0,0,1,1.09,0,0,0,0,0,0,0,0,0,0,1,0.83,0,0,0,0,0,0,2,0.62,0,0,0,0,0,0,0,0,0,0,0,0,0,0,0,0,0,0,0,0,6,1.61,0,0,0,0,0,0,0,0,0,0,0,0,0,0,0,0,0,0,0,0,0,0,0,0,0,0,0,0,0,0,0,0,0,0,1,0.59,0,0,0,0,0,0,0,0,0,0,0,0,0,0,0,0,0,0,1,2.7,0,0,0,0,0,0,0,0,0,0,0,0,0,0,0,0,0,0,0,0,0,0,0,0,0,0,0,0,0,0,19,0.84,0,0,0,0,0,0,0,0,0,0,0,0,0,0,0,0,0,0,0,0,0,0,0,0,0,0,0,0,0,0,0,0,0,0,0,0,0,0,0,0,0,0,0,0,0,0,0,0,0,0,0,0,0,0,0,0,0,0,1,0.32,0,0,0,0,1,0.41,0,0,0,0,0,0,0,0,0,0,0,0,0,0,0,0,0,0,0,0,0,0,0,0,0,0,0,0,1,9.09,0,0,0,0,0,0,0,0,0,0,0,0,0,0,0,0,0,0,0,0,0,0,0,0,0,0,2,0.11,0,0,0,0,0,0,0,0,0,0,0,0,0,0,0,0,0,0,0,0,0,0,1,0.54,0,0,0,0,0,0,0,0,0,0,0,0,0,0,0,0,0,0,0,0,0,0,0,0,0,0,0,0,0,0,0,0,0,0,0,0,0,0,0,0,0,0,0,0,0,0,0,0,0,0,0,0,0,0,0,0,0,0,0,0,0,0,0,0,1,0.85,0,0,0,0,0,0,0,0,0,0,0,0,0,0,0,0,0,0,0,0,1,0.52,0,0,1,0.84,0,0,0,0,0,0,0,0,0,0,0,0,0,0,0,0,0,0,0,0,0,0,0,0,0,0,0,0,0,0,0,0,0,0,0,0,0,0,0,0,0,0,0,0,0,0,0,0,0,0,0,0,0,0,0,0,0,0,0,0,0,0,0,0,0,0,0,0,0,0,0,0,1,1.79,0,0,1,1.28,0,0,0,0,0,0,0,0,0,0,0,0,0,0,1,1.39,0,0,0,0,0,0,0,0,0,0,0,0,0,0,3,0.55
DRUG/ NARCOTIC VIOLATIONS,2502,6.16,4,8,29,7.67,9,5.23,13,4.38,28,3.61,11,2.26,10,3.58,260,39.76,4,13.33,4,12.12,10,11.9,2,1.47,1,2.7,17,4.2,17,26.15,7,1.15,73,1.65,3,1.27,24,1.79,4,1.57,2,0.8,16,2.5,4,4.26,4,1.45,22,5.43,50,4.92,9,8.65,43,12.36,1,8.33,40,24.54,3,6.82,9,7.38,1,5.26,1,10,3,3.33,8,2.99,4,4.65,0,0,1,2.08,13,10.16,9,7.03,30,11.28,10,1.53,44,4.66,14,4.79,10,12.05,9,10.84,3,6.12,70,14.23,19,15.32,4,5.88,35,15.98,18,29.03,15,6.52,1,8.33,17,21.52,23,25.56,4,23.53,7,12.96,9,16.98,0,0,0,0,3,3.95,16,24.24,0,0,2,1.25,0,0,5,4.63,10,2.42,6,11.11,10,6.06,2,1.98,7,6.86,17,8.33,10,8.62,7,4.9,14,13.08,4,20,4,10,3,3.16,2,9.09,9,6.92,1,5.88,15,11.81,5,11.36,0,0,4,12.12,15,3.18,0,0,2,1.94,5,2.92,1,1.11,6,7.79,0,0,28,3.26,15,8.15,9,3.7,42,9.05,0,0,1,2.33,46,11.7,4,12.9,9,3.85,0,0,4,13.33,0,0,8,4.15,2,5.41,4,9.09,1,2.44,1,3.33,9,3.98,4,3.88,3,5.66,3,9.38,0,0,4,4.76,1,1.79,4,4.6,61,6.87,158,8.45,0,0,1,5,24,14.37,3,14.29,4,13.79,2,20,0,0,0,0,2,5.13,2,7.41,1,2.86,1,4.35,19,15.83,7,35,16,30.19,7,17.07,16,4.97,1,1.05,0,0,0,0,1,1.43,0,0,0,0,1,3.7,2,15.38,0,0,16,6.87,51,13.67,7,4.07,3,4.84,21,21.21,15,11.81,11,8.87,7,10.14,1,3.7,5,17.24,0,0,0,0,1,14.29,1,3.23,2,6.9,1,4.76,0,0,3,5,25,9.43,4,2.35,0,0,0,0,0,0,0,0,3,1.74,0,0,0,0,0,0,15,5.75,2,5.41,1,2.38,1,2.5,0,0,1,4.55,0,0,1,2.5,0,0,0,0,0,0,1,6.25,0,0,1,4.55,0,0,1,10,9,5.77,197,8.69,1,9.09,1,1.92,0,0,0,0,0,0,0,0,0,0,1,2.38,0,0,0,0,0,0,2,6.25,3,12.5,0,0,2,7.69,0,0,26,14.69,1,4.17,0,0,0,0,0,0,0,0,1,1.85,0,0,1,0.6,1,5.88,0,0,2,4.26,2,1.85,6,1.91,0,0,1,4.55,5,2.07,0,0,0,0,3,3.16,1,11.11,0,0,0,0,6,6.82,11,9.24,1,20,4,3.31,0,0,0,0,0,0,0,0,0,0,2,6.9,4,12.9,0,0,0,0,0,0,0,0,1,7.69,0,0,0,0,0,0,0,0,0,0,0,0,50,2.84,1,11.11,0,0,0,0,2,8.33,1,1.69,1,2.08,2,8.7,17,18.89,0,0,17,3.45,3,1.49,13,7.07,6,13.95,3,7.5,7,20.59,0,0,5,4.27,0,0,0,0,0,0,1,1.54,0,0,0,0,3,20,1,2.56,0,0,1,2.22,0,0,1,12.5,0,0,0,0,0,0,3,5.45,0,0,0,0,1,50,1,2.86,0,0,0,0,1,1.59,0,0,0,0,0,0,0,0,4,3.39,2,4.17,2,5.13,1,3.12,2,6.9,0,0,0,0,0,0,0,0,1,2.78,0,0,6,3.14,0,0,2,1.68,1,2.38,1,7.14,0,0,5,2.02,2,6.67,0,0,0,0,0,0,0,0,1,8.33,1,6.25,0,0,0,0,0,0,0,0,1,1.47,1,2.08,0,0,1,6.25,14,9.46,0,0,0,0,0,0,0,0,0,0,0,0,0,0,3,8.11,1,3.12,0,0,1,16.67,0,0,0,0,1,3.7,1,5.56,1,7.14,13,23.21,2,11.11,7,8.97,1,2.44,0,0,2,9.09,1,25,0,0,0,0,0,0,8,11.11,1,5.56,10,8.4,23,18.25,1,3.57,5,19.23,0,0,5,1.21,28,5.11
EMBEZZELMENT,155,0.38,0,0,2,0.53,0,0,3,1.01,7,0.9,0,0,1,0.36,5,0.76,0,0,0,0,0,0,0,0,0,0,1,0.25,0,0,1,0.16,11,0.25,1,0.42,1,0.07,0,0,0,0,5,0.78,0,0,0,0,2,0.49,1,0.1,0,0,2,0.57,0,0,1,0.61,0,0,0,0,0,0,0,0,0,0,0,0,0,0,0,0,0,0,8,6.25,0,0,0,0,2,0.31,3,0.32,2,0.68,0,0,0,0,0,0,0,0,0,0,0,0,0,0,0,0,0,0,0,0,0,0,0,0,0,0,0,0,1,1.89,0,0,2,1.06,0,0,1,1.52,0,0,1,0.62,0,0,0,0,1,0.24,0,0,0,0,0,0,0,0,1,0.49,0,0,0,0,0,0,0,0,0,0,0,0,0,0,2,1.54,0,0,0,0,0,0,0,0,0,0,2,0.42,0,0,0,0,1,0.58,0,0,0,0,0,0,5,0.58,0,0,0,0,2,0.43,0,0,0,0,2,0.51,0,0,0,0,0,0,0,0,0,0,2,1.04,0,0,0,0,1,2.44,0,0,1,0.44,1,0.97,0,0,0,0,0,0,0,0,0,0,1,1.15,6,0.68,3,0.16,0,0,0,0,2,1.2,0,0,0,0,0,0,2,2.17,0,0,0,0,0,0,0,0,1,4.35,1,0.83,0,0,0,0,0,0,0,0,1,1.05,0,0,0,0,0,0,0,0,0,0,1,3.7,0,0,0,0,1,0.43,3,0.8,2,1.16,0,0,1,1.01,1,0.79,0,0,0,0,0,0,0,0,0,0,0,0,0,0,0,0,0,0,1,4.76,0,0,0,0,0,0,1,0.59,0,0,0,0,0,0,0,0,0,0,0,0,0,0,0,0,1,0.38,0,0,0,0,0,0,0,0,0,0,0,0,0,0,0,0,0,0,0,0,0,0,0,0,0,0,0,0,0,0,11,7.05,9,0.4,0,0,1,1.92,0,0,0,0,0,0,0,0,0,0,0,0,0,0,0,0,1,1.96,0,0,0,0,0,0,0,0,0,0,0,0,0,0,0,0,0,0,0,0,0,0,0,0,0,0,0,0,0,0,0,0,1,2.13,0,0,0,0,0,0,0,0,3,1.24,0,0,0,0,0,0,0,0,0,0,0,0,1,1.14,0,0,0,0,0,0,0,0,0,0,0,0,0,0,0,0,0,0,0,0,0,0,0,0,0,0,0,0,0,0,0,0,1,1.64,0,0,0,0,0,0,0,0,8,0.45,0,0,0,0,0,0,0,0,0,0,0,0,0,0,1,1.11,0,0,1,0.2,1,0.5,0,0,0,0,0,0,0,0,0,0,0,0,0,0,0,0,0,0,0,0,0,0,0,0,1,6.67,0,0,0,0,0,0,0,0,0,0,0,0,0,0,0,0,1,1.82,0,0,0,0,0,0,0,0,0,0,0,0,0,0,0,0,0,0,0,0,0,0,1,0.85,0,0,0,0,0,0,0,0,0,0,0,0,0,0,0,0,0,0,0,0,0,0,0,0,0,0,0,0,0,0,0,0,1,0.4,0,0,0,0,0,0,0,0,0,0,0,0,0,0,0,0,0,0,0,0,0,0,1,1.47,0,0,0,0,0,0,2,1.35,0,0,1,4.76,0,0,0,0,0,0,0,0,0,0,0,0,1,3.12,0,0,0,0,0,0,0,0,1,3.7,0,0,0,0,0,0,0,0,0,0,0,0,0,0,0,0,0,0,0,0,0,0,0,0,0,0,0,0,0,0,1,0.79,0,0,0,0,0,0,2,0.48,0,0
FALSE PRETENSES/ SWINDLE/ CONFIDENCE GAME,531,1.31,4,8,11,2.91,1,0.58,7,2.36,24,3.09,3,0.62,5,1.79,16,2.45,0,0,3,9.09,1,1.19,1,0.74,0,0,3,0.74,0,0,4,0.66,44,1,0,0,23,1.71,7,2.76,4,1.59,9,1.41,0,0,3,1.09,4,0.99,14,1.38,1,0.96,3,0.86,0,0,1,0.61,0,0,1,0.82,0,0,0,0,1,1.11,4,1.49,3,3.49,0,0,1,2.08,1,0.78,0,0,5,1.88,8,1.23,5,0.53,5,1.71,2,2.41,3,3.61,0,0,2,0.41,1,0.81,0,0,0,0,0,0,1,0.43,0,0,0,0,0,0,0,0,0,0,0,0,0,0,1,0.53,3,3.95,3,4.55,0,0,0,0,1,14.29,1,0.93,6,1.45,0,0,0,0,0,0,0,0,4,1.96,0,0,1,0.7,1,0.93,0,0,0,0,2,2.11,0,0,5,3.85,0,0,1,0.79,0,0,0,0,0,0,4,0.85,1,1.1,3,2.91,4,2.34,5,5.56,0,0,0,0,11,1.28,2,1.09,2,0.82,1,0.22,0,0,1,2.33,2,0.51,0,0,0,0,0,0,1,3.33,0,0,1,0.52,0,0,1,2.27,0,0,1,3.33,4,1.77,0,0,1,1.89,0,0,0,0,0,0,0,0,0,0,12,1.35,22,1.18,0,0,0,0,2,1.2,0,0,0,0,0,0,0,0,0,0,1,2.56,0,0,0,0,2,8.7,0,0,0,0,1,1.89,0,0,3,0.93,5,5.26,1,1.18,0,0,2,2.86,0,0,0,0,0,0,0,0,0,0,7,3,1,0.27,3,1.74,2,3.23,2,2.02,1,0.79,1,0.81,2,2.9,1,3.7,0,0,0,0,1,9.09,0,0,0,0,0,0,0,0,1,4.17,0,0,2,0.75,3,1.76,0,0,0,0,1,2.04,3,9.09,4,2.33,0,0,0,0,0,0,1,0.38,0,0,1,2.38,1,2.5,1,5.88,1,4.55,0,0,0,0,0,0,0,0,0,0,1,6.25,0,0,0,0,0,0,0,0,2,1.28,33,1.46,0,0,1,1.92,1,2.08,0,0,0,0,0,0,1,3.45,1,2.38,0,0,0,0,0,0,0,0,0,0,0,0,0,0,1,12.5,0,0,0,0,0,0,0,0,0,0,0,0,0,0,1,0.72,4,2.4,1,5.88,0,0,0,0,1,0.93,7,2.23,1,4.55,0,0,2,0.83,0,0,0,0,2,2.11,0,0,0,0,0,0,0,0,3,2.52,0,0,3,2.48,0,0,0,0,0,0,1,8.33,0,0,0,0,1,3.23,0,0,0,0,1,14.29,1,3.23,0,0,0,0,0,0,1,4.35,0,0,1,4,0,0,26,1.47,0,0,0,0,0,0,0,0,0,0,2,4.17,1,4.35,0,0,1,7.69,3,0.61,7,3.47,1,0.54,1,2.33,0,0,1,2.94,0,0,0,0,0,0,0,0,0,0,1,1.54,0,0,1,3.85,1,6.67,0,0,0,0,0,0,0,0,1,12.5,0,0,0,0,1,6.25,2,3.64,2,20,0,0,0,0,0,0,0,0,0,0,1,1.59,0,0,0,0,1,8.33,0,0,0,0,0,0,4,10.26,1,3.12,0,0,0,0,0,0,0,0,0,0,3,8.33,0,0,1,0.52,0,0,1,0.84,1,2.38,1,7.14,0,0,3,1.21,0,0,0,0,1,5.26,5,11.63,0,0,1,8.33,0,0,0,0,0,0,0,0,0,0,2,2.94,1,2.08,0,0,3,18.75,3,2.03,0,0,0,0,2,28.57,0,0,0,0,0,0,0,0,1,2.7,0,0,0,0,0,0,0,0,0,0,1,3.7,0,0,0,0,0,0,0,0,0,0,0,0,0,0,1,4.55,0,0,0,0,0,0,0,0,1,1.39,0,0,1,0.84,1,0.79,2,7.14,0,0,0,0,5,1.21,7,1.28
HACKING/COMPUTER INVASION,3,0.01,0,0,0,0,0,0,0,0,0,0,0,0,0,0,0,0,0,0,0,0,0,0,0,0,0,0,0,0,0,0,0,0,2,0.05,0,0,1,0.07,0,0,0,0,0,0,0,0,0,0,0,0,0,0,0,0,0,0,0,0,0,0,0,0,0,0,0,0,0,0,0,0,0,0,0,0,0,0,0,0,0,0,0,0,0,0,0,0,0,0,0,0,0,0,0,0,0,0,0,0,0,0,0,0,0,0,0,0,0,0,0,0,0,0,0,0,0,0,0,0,0,0,0,0,0,0,0,0,0,0,0,0,0,0,0,0,0,0,0,0,0,0,0,0,0,0,0,0,0,0,0,0,0,0,0,0,0,0,0,0,0,0,0,0,0,0,0,0,0,0,0,0,0,0,0,0,0,0,0,0,0,0,0,0,0,0,0,0,0,0,0,0,0,0,1,0.41,0,0,0,0,0,0,0,0,0,0,0,0,0,0,0,0,0,0,0,0,0,0,0,0,0,0,0,0,0,0,0,0,0,0,0,0,0,0,0,0,0,0,0,0,0,0,0,0,0,0,0,0,0,0,0,0,0,0,0,0,0,0,0,0,0,0,0,0,0,0,0,0,0,0,0,0,0,0,0,0,0,0,0,0,0,0,0,0,0,0,0,0,0,0,0,0,0,0,0,0,0,0,0,0,0,0,0,0,0,0,0,0,0,0,0,0,0,0,0,0,0,0,0,0,0,0,0,0,0,0,0,0,0,0,0,0,0,0,0,0,0,0,0,0,0,0,0,0,0,0,0,0,0,0,0,0,0,0,0,0,0,0,0,0,0,0,0,0,0,0,0,0,0,0,0,0,0,0,0,0,0,0,0,0,0,0,0,0,0,0,0,0,0,0,0,0,0,0,0,0,0,0,0,0,0,0,0,0,0,0,0,0,0,0,0,0,0,0,0,0,0,0,0,0,0,0,0,0,0,0,0,0,0,0,0,0,0,0,0,0,0,0,0,0,0,0,0,0,0,0,0,0,0,0,0,0,0,0,0,0,0,0,0,0,0,0,0,0,0,0,0,0,0,0,0,0,0,0,0,0,0,0,0,0,0,0,0,0,0,0,0,0,0,0,0,0,0,0,0,0,0,0,0,0,0,0,0,0,0,0,0,0,0,0,0,0,0,0,0,0,0,0,0,0,0,0,0,0,0,0,0,0,0,0,0,0,0,0,0,0,0,0,0,0,0,0,0,0,0,0,0,0,0,0,0,0,0,0,0,0,0,0,0,0,0,0,0,0,0,0,0,0,0,0,0,0,0,0,0,0,0,0,0,0,0,0,0,0,0,0,0,0,0,0,0,0,0,0,0,0,0,0,0,0,0,0,0,0,0,0,0,0,0,0,0,0,0,0,0,0,0,0,0,0,0,0,0,0,0,0,0,0,0,0,0,0,0,0,0,0,0,0,0,0,0,0,0,0,0,0,0,0,0,0,0,0,0,0,0,0,0,0,0,0,0,0,0,0,0,0,0,0,0,0,0,0,0,0,0,0,0,0,0,0,0,0,0,0,0,0,0,0,0,0,0,0,0,0,0,0,0,0,0,0,0,0,0,0,0,0,0,0,0,0,0,0,0,0,0,0,0,0,0,0,0,0,0,0,0,0,0,0,0,0,0,0,0,0,0,0,0,0
"HUMAN TRAFFICKING, INVOLUNTARY SERVITUDE",1,0,0,0,0,0,0,0,0,0,0,0,0,0,0,0,0,0,0,0,0,0,0,0,0,0,0,0,0,0,0,0,0,0,0,0,0,0,0,0,0,0,0,0,0,0,0,0,0,0,0,0,0,0,0,0,0,0,0,0,0,0,0,0,0,0,0,0,0,0,0,0,0,0,0,0,0,0,0,0,0,0,0,0,0,0,0,0,0,0,0,0,0,0,0,0,0,0,0,0,0,0,0,0,0,0,0,0,0,0,0,0,0,0,0,0,0,0,0,0,0,0,0,0,0,0,0,0,0,0,0,0,0,0,0,0,0,0,0,0,0,0,0,0,0,0,0,0,0,0,0,0,0,0,0,0,0,0,0,0,0,0,0,0,0,0,0,0,0,0,0,0,0,0,0,0,0,0,0,0,0,0,0,0,0,0,0,0,0,0,0,0,0,0,0,0,0,0,0,0,0,0,0,0,0,0,0,0,0,0,0,0,0,0,0,0,0,0,0,0,0,0,0,0,0,0,0,0,0,0,0,0,0,0,0,0,0,0,0,0,0,0,0,0,0,0,0,0,0,0,0,0,0,0,0,0,0,0,0,0,0,0,0,0,0,0,0,0,0,0,0,0,0,0,0,0,1,0.31,0,0,0,0,0,0,0,0,0,0,0,0,0,0,0,0,0,0,0,0,0,0,0,0,0,0,0,0,0,0,0,0,0,0,0,0,0,0,0,0,0,0,0,0,0,0,0,0,0,0,0,0,0,0,0,0,0,0,0,0,0,0,0,0,0,0,0,0,0,0,0,0,0,0,0,0,0,0,0,0,0,0,0,0,0,0,0,0,0,0,0,0,0,0,0,0,0,0,0,0,0,0,0,0,0,0,0,0,0,0,0,0,0,0,0,0,0,0,0,0,0,0,0,0,0,0,0,0,0,0,0,0,0,0,0,0,0,0,0,0,0,0,0,0,0,0,0,0,0,0,0,0,0,0,0,0,0,0,0,0,0,0,0,0,0,0,0,0,0,0,0,0,0,0,0,0,0,0,0,0,0,0,0,0,0,0,0,0,0,0,0,0,0,0,0,0,0,0,0,0,0,0,0,0,0,0,0,0,0,0,0,0,0,0,0,0,0,0,0,0,0,0,0,0,0,0,0,0,0,0,0,0,0,0,0,0,0,0,0,0,0,0,0,0,0,0,0,0,0,0,0,0,0,0,0,0,0,0,0,0,0,0,0,0,0,0,0,0,0,0,0,0,0,0,0,0,0,0,0,0,0,0,0,0,0,0,0,0,0,0,0,0,0,0,0,0,0,0,0,0,0,0,0,0,0,0,0,0,0,0,0,0,0,0,0,0,0,0,0,0,0,0,0,0,0,0,0,0,0,0,0,0,0,0,0,0,0,0,0,0,0,0,0,0,0,0,0,0,0,0,0,0,0,0,0,0,0,0,0,0,0,0,0,0,0,0,0,0,0,0,0,0,0,0,0,0,0,0,0,0,0,0,0,0,0,0,0,0,0,0,0,0,0,0,0,0,0,0,0,0,0,0,0,0,0,0,0,0,0,0,0,0,0,0,0,0,0,0,0,0,0,0,0,0,0,0,0,0,0,0,0,0,0,0,0,0,0,0,0,0,0,0,0,0,0,0,0,0,0,0,0,0,0,0,0,0,0,0,0,0
IDENTITY THEFT,84,0.21,0,0,0,0,1,0.58,1,0.34,2,0.26,1,0.21,0,0,3,0.46,0,0,0,0,0,0,0,0,0,0,1,0.25,0,0,0,0,7,0.16,0,0,3,0.22,0,0,0,0,2,0.31,0,0,0,0,1,0.25,1,0.1,0,0,0,0,0,0,0,0,0,0,1,0.82,0,0,0,0,0,0,0,0,0,0,0,0,0,0,1,0.78,0,0,0,0,1,0.15,2,0.21,1,0.34,0,0,0,0,0,0,0,0,0,0,0,0,0,0,0,0,1,0.43,0,0,0,0,1,1.11,0,0,0,0,0,0,0,0,1,0.53,0,0,1,1.52,1,16.67,0,0,0,0,0,0,2,0.48,0,0,0,0,0,0,0,0,1,0.49,0,0,0,0,0,0,0,0,1,2.5,0,0,0,0,0,0,0,0,0,0,0,0,0,0,0,0,2,0.42,0,0,0,0,0,0,0,0,0,0,0,0,0,0,0,0,2,0.82,0,0,0,0,0,0,1,0.25,1,3.23,0,0,0,0,0,0,0,0,0,0,0,0,0,0,0,0,0,0,0,0,0,0,0,0,0,0,0,0,0,0,0,0,0,0,0,0,6,0.32,0,0,0,0,0,0,0,0,0,0,0,0,0,0,0,0,0,0,0,0,0,0,0,0,0,0,0,0,0,0,0,0,0,0,1,1.05,1,1.18,0,0,0,0,0,0,0,0,0,0,0,0,0,0,2,0.86,1,0.27,0,0,0,0,0,0,1,0.79,0,0,0,0,2,7.41,0,0,0,0,0,0,0,0,0,0,0,0,0,0,0,0,0,0,0,0,0,0,0,0,0,0,0,0,0,0,0,0,0,0,0,0,0,0,0,0,0,0,0,0,0,0,0,0,0,0,0,0,0,0,0,0,0,0,0,0,0,0,0,0,0,0,0,0,0,0,1,0.64,6,0.26,0,0,0,0,0,0,0,0,1,5,0,0,0,0,0,0,0,0,0,0,0,0,0,0,0,0,0,0,0,0,0,0,2,1.13,0,0,0,0,0,0,0,0,0,0,0,0,0,0,0,0,1,5.88,0,0,0,0,0,0,0,0,0,0,0,0,1,0.41,0,0,0,0,0,0,0,0,0,0,0,0,0,0,0,0,0,0,1,0.83,0,0,0,0,0,0,0,0,0,0,0,0,0,0,1,1.89,0,0,0,0,0,0,0,0,0,0,0,0,0,0,0,0,0,0,0,0,3,0.17,0,0,0,0,0,0,0,0,0,0,0,0,0,0,1,1.11,0,0,3,0.61,0,0,0,0,0,0,0,0,0,0,0,0,0,0,0,0,0,0,0,0,0,0,0,0,0,0,0,0,0,0,0,0,0,0,0,0,0,0,0,0,0,0,0,0,0,0,0,0,0,0,0,0,0,0,0,0,0,0,0,0,0,0,1,2.86,0,0,0,0,0,0,0,0,0,0,0,0,1,3.45,0,0,0,0,0,0,0,0,0,0,0,0,1,0.52,0,0,0,0,0,0,0,0,0,0,0,0,0,0,0,0,0,0,0,0,0,0,0,0,0,0,0,0,0,0,0,0,0,0,0,0,0,0,0,0,1,6.25,3,2.03,0,0,0,0,0,0,0,0,0,0,0,0,0,0,0,0,0,0,0,0,0,0,0,0,0,0,0,0,0,0,1,7.14,0,0,0,0,0,0,0,0,0,0,0,0,0,0,0,0,0,0,0,0,0,0,0,0,0,0,0,0,0,0,0,0,0,0,0,0,1,0.18
IMPERSONATION,12,0.03,0,0,0,0,0,0,0,0,0,0,0,0,0,0,0,0,0,0,0,0,0,0,0,0,0,0,0,0,0,0,0,0,1,0.02,0,0,0,0,0,0,0,0,0,0,0,0,0,0,0,0,0,0,0,0,1,0.29,0,0,0,0,0,0,0,0,0,0,0,0,0,0,0,0,0,0,0,0,0,0,1,0.78,0,0,0,0,0,0,0,0,0,0,0,0,0,0,0,0,0,0,0,0,0,0,0,0,0,0,0,0,0,0,0,0,0,0,0,0,0,0,0,0,0,0,0,0,0,0,0,0,0,0,0,0,0,0,0,0,0,0,0,0,0,0,0,0,0,0,0,0,0,0,0,0,0,0,0,0,1,2.5,0,0,0,0,0,0,0,0,0,0,0,0,0,0,0,0,1,0.21,0,0,0,0,0,0,0,0,0,0,0,0,0,0,0,0,0,0,0,0,0,0,0,0,0,0,0,0,0,0,0,0,0,0,0,0,0,0,0,0,0,0,0,0,0,0,0,0,0,0,0,0,0,0,0,0,0,0,0,0,0,0,0,0,2,0.11,0,0,0,0,0,0,0,0,0,0,0,0,0,0,0,0,0,0,0,0,0,0,0,0,0,0,0,0,0,0,0,0,0,0,0,0,0,0,0,0,0,0,0,0,0,0,0,0,0,0,0,0,0,0,0,0,0,0,0,0,0,0,0,0,0,0,0,0,0,0,0,0,0,0,0,0,0,0,0,0,0,0,0,0,0,0,0,0,0,0,0,0,0,0,0,0,0,0,0,0,0,0,0,0,0,0,0,0,0,0,0,0,0,0,0,0,0,0,0,0,0,0,0,0,1,1.54,0,0,0,0,0,0,0,0,0,0,0,0,0,0,0,0,2,0.09,0,0,0,0,0,0,0,0,0,0,0,0,0,0,0,0,0,0,0,0,0,0,0,0,0,0,0,0,0,0,0,0,0,0,0,0,0,0,0,0,0,0,0,0,0,0,0,0,0,0,0,0,0,0,0,0,0,0,0,0,0,0,0,0,0,0,0,0,0,0,0,0,0,0,0,0,0,0,0,0,0,0,0,0,0,0,0,0,0,0,0,0,0,0,0,0,0,0,0,0,0,0,0,0,0,0,0,0,0,0,0,0,0,0,0,0,0,0,0,0,0,0,1,0.06,0,0,0,0,0,0,0,0,0,0,0,0,0,0,0,0,0,0,0,0,0,0,0,0,0,0,0,0,0,0,0,0,0,0,0,0,0,0,0,0,0,0,0,0,0,0,0,0,0,0,0,0,0,0,0,0,0,0,0,0,0,0,0,0,0,0,0,0,0,0,0,0,0,0,0,0,0,0,0,0,0,0,0,0,0,0,0,0,0,0,0,0,0,0,0,0,0,0,0,0,0,0,0,0,0,0,0,0,0,0,0,0,0,0,0,0,0,0,0,0,0,0,0,0,0,0,0,0,0,0,0,0,0,0,0,0,0,0,0,0,0,0,0,0,1,16.67,0,0,0,0,0,0,0,0,0,0,0,0,0,0,0,0,0,0,0,0,0,0,0,0,0,0,0,0,0,0,0,0,0,0,0,0,0,0,0,0,0,0,0,0,0,0,0,0,0,0,0,0,0,0,0,0,0,0,0,0,0,0,0,0,0,0,0,0,0,0,0,0,0,0,0,0,1,0.24,0,0
INTIMIDATION,1298,3.19,1,2,8,2.12,1,0.58,6,2.02,29,3.74,5,1.03,4,1.43,20,3.06,1,3.33,4,12.12,3,3.57,4,2.94,0,0,9,2.22,1,1.54,8,1.31,112,2.53,4,1.69,32,2.38,3,1.18,5,1.99,6,0.94,3,3.19,3,1.09,12,2.96,24,2.36,2,1.92,10,2.87,0,0,6,3.68,3,6.82,6,4.92,0,0,1,10,2,2.22,8,2.99,3,3.49,2,4.44,0,0,3,2.34,1,0.78,17,6.39,18,2.76,20,2.12,8,2.74,2,2.41,0,0,3,6.12,30,6.1,6,4.84,5,7.35,16,7.31,0,0,15,6.52,0,0,2,2.53,3,3.33,0,0,4,7.41,4,7.55,0,0,9,4.76,3,3.95,0,0,0,0,6,3.75,0,0,2,1.85,7,1.69,3,5.56,3,1.82,5,4.95,6,5.88,12,5.88,4,3.45,8,5.59,6,5.61,1,5,1,2.5,4,4.21,2,9.09,4,3.08,1,5.88,5,3.94,0,0,0,0,1,3.03,16,3.39,2,2.2,5,4.85,5,2.92,3,3.33,5,6.49,0,0,27,3.15,10,5.43,7,2.88,33,7.11,0,0,2,4.65,23,5.85,1,3.23,6,2.56,2,3.28,0,0,4,4.82,14,7.25,4,10.81,1,2.27,3,7.32,0,0,7,3.1,3,2.91,1,1.89,0,0,0,0,3,3.57,2,3.57,6,6.9,39,4.39,82,4.39,0,0,4,20,7,4.19,0,0,1,3.45,0,0,4,4.35,0,0,0,0,0,0,1,2.86,1,4.35,2,1.67,0,0,2,3.77,1,2.44,9,2.8,6,6.32,0,0,0,0,1,1.43,0,0,1,50,1,3.7,0,0,0,0,12,5.15,26,6.97,9,5.23,7,11.29,1,1.01,5,3.94,4,3.23,2,2.9,0,0,2,6.9,0,0,0,0,0,0,1,3.23,1,3.45,1,4.76,1,4.17,2,3.33,7,2.64,10,5.88,1,11.11,1,7.69,3,6.12,1,3.03,1,0.58,4,13.33,0,0,0,0,7,2.68,1,2.7,2,4.76,0,0,1,5.88,1,4.55,1,11.11,1,2.5,2,3.08,0,0,1,3.45,0,0,0,0,1,4.55,0,0,0,0,3,1.92,43,1.9,0,0,4,7.69,0,0,0,0,1,5,1,4.17,0,0,0,0,0,0,0,0,0,0,2,6.25,0,0,0,0,0,0,0,0,18,10.17,1,4.17,0,0,0,0,0,0,0,0,3,5.56,4,2.88,3,1.8,0,0,0,0,3,6.38,2,1.85,9,2.87,0,0,0,0,6,2.49,0,0,0,0,5,5.26,0,0,0,0,0,0,3,3.41,7,5.88,0,0,5,4.13,0,0,1,33.33,0,0,0,0,0,0,0,0,0,0,1,1.89,0,0,0,0,0,0,0,0,0,0,1,1.64,0,0,2,22.22,1,4,0,0,56,3.18,0,0,0,0,0,0,1,4.17,4,6.78,1,2.08,0,0,5,5.56,2,15.38,14,2.84,3,1.49,7,3.8,1,2.33,2,5,0,0,0,0,0,0,0,0,0,0,0,0,0,0,1,1.67,0,0,0,0,2,5.13,0,0,1,2.22,0,0,0,0,0,0,2,8.33,0,0,1,1.82,0,0,0,0,0,0,0,0,0,0,0,0,1,1.59,0,0,0,0,0,0,0,0,5,4.24,1,2.08,1,2.56,2,6.25,1,3.45,0,0,0,0,0,0,0,0,2,5.56,0,0,6,3.14,0,0,4,3.36,4,9.52,0,0,0,0,7,2.82,0,0,0,0,0,0,1,2.33,1,6.67,0,0,0,0,0,0,0,0,0,0,0,0,4,5.88,3,6.25,0,0,0,0,8,5.41,0,0,0,0,0,0,1,25,0,0,0,0,0,0,2,5.41,0,0,0,0,1,16.67,1,12.5,0,0,2,7.41,1,5.56,1,7.14,2,3.57,4,22.22,1,1.28,2,4.88,0,0,0,0,0,0,0,0,0,0,0,0,5,6.94,0,0,3,2.52,5,3.97,0,0,0,0,0,0,5,1.21,28,5.11
JUSTIFIABLE HOMICIDE,7,0.02,0,0,0,0,0,0,0,0,0,0,0,0,0,0,0,0,0,0,0,0,0,0,0,0,0,0,0,0,0,0,0,0,0,0,0,0,0,0,0,0,0,0,0,0,0,0,0,0,0,0,1,0.1,0,0,0,0,0,0,0,0,0,0,0,0,0,0,0,0,0,0,0,0,0,0,0,0,0,0,0,0,0,0,1,0.38,0,0,0,0,0,0,0,0,0,0,0,0,0,0,0,0,0,0,0,0,0,0,0,0,0,0,0,0,0,0,0,0,0,0,0,0,0,0,0,0,0,0,0,0,0,0,0,0,0,0,0,0,0,0,0,0,0,0,0,0,0,0,0,0,0,0,0,0,0,0,0,0,0,0,0,0,0,0,0,0,0,0,0,0,0,0,0,0,0,0,0,0,0,0,0,0,0,0,0,0,0,0,0,0,0,0,1,0.54,1,0.41,0,0,0,0,0,0,0,0,0,0,0,0,0,0,0,0,0,0,0,0,0,0,0,0,0,0,0,0,0,0,0,0,0,0,0,0,0,0,0,0,0,0,0,0,0,0,0,0,0,0,0,0,0,0,0,0,0,0,0,0,0,0,0,0,0,0,0,0,0,0,0,0,0,0,0,0,0,0,0,0,0,0,0,0,0,0,0,0,0,0,0,0,0,0,0,0,0,0,0,0,0,0,0,0,0,0,0,0,0,0,0,0,0,0,0,0,0,0,0,0,0,0,0,0,0,0,0,0,1,3.45,0,0,0,0,0,0,0,0,0,0,0,0,0,0,0,0,0,0,0,0,0,0,0,0,0,0,0,0,0,0,0,0,0,0,0,0,0,0,0,0,0,0,0,0,0,0,0,0,0,0,0,0,0,0,0,0,0,0,0,0,0,0,0,0,0,0,0,0,0,0,0,0,0,0,0,0,0,0,0,0,0,0,0,0,0,0,0,0,0,0,0,0,0,0,0,0,0,0,0,0,0,0,0,0,0,0,0,0,0,0,0,0,0,0,0,0,0,0,0,0,0,0,0,0,0,0,0,0,0,0,0,0,0,0,0,0,0,0,0,0,0,0,0,0,0,0,0,0,0,0,0,0,0,0,0,0,0,0,0,0,0,0,0,0,0,0,0,0,0,0,0,0,0,0,0,0,0,0,0,0,0,0,0,0,0,0,0,0,0,0,0,0,0,0,0,0,0,0,0,0,0,0,0,0,1,0.2,0,0,0,0,0,0,0,0,0,0,0,0,0,0,0,0,0,0,0,0,0,0,0,0,0,0,0,0,0,0,0,0,0,0,0,0,0,0,0,0,0,0,0,0,0,0,0,0,0,0,0,0,0,0,0,0,0,0,0,0,0,0,0,0,0,0,0,0,0,0,0,0,0,0,0,0,0,0,0,0,0,0,0,0,0,0,0,0,0,0,0,0,0,0,0,0,0,0,0,0,0,0,0,0,0,0,0,0,0,0,0,0,0,0,0,0,0,0,0,0,0,0,0,0,0,0,0,0,0,0,0,0,0,0,0,0,0,0,0,0,0,0,0,0,0,0,0,0,0,0,0,0,0,0,0,0,0,0,0,0,0,0,0,0,0,0,0,0,0,0,0,0,0,0,0,0,0,0,0,0,0,0,0,0,0,0,0,0,0,0,0,0,0,0,0,0,0,0,0,0,0,0,0,0,1,0.18
KIDNAPPING/ ABDUCTION,14,0.03,0,0,1,0.26,0,0,0,0,0,0,0,0,0,0,1,0.15,0,0,0,0,0,0,0,0,0,0,0,0,0,0,0,0,1,0.02,0,0,0,0,0,0,0,0,1,0.16,0,0,0,0,0,0,0,0,0,0,0,0,0,0,0,0,0,0,0,0,0,0,0,0,0,0,0,0,0,0,0,0,0,0,0,0,0,0,0,0,0,0,1,0.11,0,0,0,0,0,0,0,0,0,0,0,0,0,0,0,0,0,0,0,0,0,0,0,0,0,0,0,0,0,0,0,0,0,0,0,0,0,0,0,0,0,0,0,0,0,0,0,0,0,0,0,0,0,0,0,0,0,0,1,0.49,0,0,0,0,0,0,0,0,0,0,0,0,0,0,0,0,0,0,0,0,0,0,0,0,0,0,0,0,0,0,0,0,0,0,0,0,0,0,0,0,0,0,1,0.54,0,0,0,0,0,0,0,0,0,0,0,0,0,0,0,0,0,0,0,0,0,0,0,0,0,0,0,0,0,0,0,0,0,0,0,0,0,0,0,0,0,0,0,0,0,0,0,0,0,0,0,0,0,0,1,0.6,0,0,0,0,0,0,0,0,0,0,0,0,0,0,0,0,0,0,0,0,0,0,0,0,0,0,0,0,0,0,0,0,0,0,0,0,0,0,0,0,0,0,0,0,0,0,1,0.43,0,0,0,0,0,0,0,0,0,0,0,0,0,0,0,0,0,0,0,0,0,0,0,0,0,0,0,0,0,0,0,0,0,0,0,0,0,0,0,0,0,0,0,0,0,0,0,0,0,0,0,0,0,0,0,0,0,0,0,0,0,0,0,0,0,0,0,0,0,0,0,0,0,0,0,0,0,0,0,0,0,0,0,0,0,0,0,0,2,0.09,0,0,0,0,0,0,0,0,0,0,0,0,0,0,0,0,0,0,0,0,0,0,0,0,0,0,0,0,0,0,0,0,0,0,0,0,0,0,0,0,0,0,0,0,0,0,0,0,0,0,0,0,0,0,0,0,0,0,0,0,0,0,0,0,0,0,0,0,0,0,0,0,0,0,0,0,0,0,0,0,0,0,0,0,0,0,0,0,0,0,0,0,0,0,0,0,0,0,0,0,0,0,0,0,0,0,0,0,0,0,0,0,0,0,0,0,0,0,0,0,0,0,1,0.06,0,0,0,0,0,0,0,0,0,0,0,0,0,0,0,0,0,0,0,0,0,0,0,0,0,0,0,0,0,0,0,0,0,0,0,0,0,0,0,0,0,0,0,0,0,0,0,0,0,0,0,0,0,0,0,0,0,0,0,0,0,0,0,0,0,0,0,0,0,0,0,0,0,0,0,0,0,0,0,0,0,0,0,0,0,0,0,0,0,0,0,0,0,0,0,0,0,0,0,0,0,0,0,0,0,0,0,0,0,0,0,0,0,0,0,0,0,0,0,0,0,0,0,0,0,0,0,0,0,0,0,0,0,0,0,0,0,0,0,0,0,0,0,0,0,0,0,0,0,0,0,0,0,0,0,0,0,0,0,0,0,0,0,0,0,0,0,0,0,0,0,0,0,0,0,0,0,0,0,0,0,0,0,0,1,5.56,0,0,0,0,0,0,0,0,0,0,0,0,0,0,0,0,0,0,0,0,0,0,0,0,0,0,0,0,1,0.79,0,0,0,0,0,0,0,0,1,0.18
MURDER & NONNEGLIGENT MANSLAUGHTER,58,0.14,0,0,0,0,0,0,0,0,0,0,1,0.21,0,0,1,0.15,0,0,0,0,0,0,1,0.74,0,0,0,0,0,0,0,0,1,0.02,0,0,0,0,0,0,0,0,0,0,0,0,0,0,1,0.25,3,0.29,0,0,2,0.57,0,0,1,0.61,0,0,1,0.82,0,0,0,0,0,0,0,0,0,0,0,0,0,0,0,0,1,0.78,2,0.75,0,0,0,0,0,0,0,0,2,2.41,1,2.04,5,1.02,0,0,0,0,3,1.37,0,0,0,0,0,0,0,0,1,1.11,0,0,0,0,1,1.89,0,0,0,0,0,0,0,0,0,0,0,0,0,0,0,0,0,0,0,0,0,0,0,0,0,0,1,0.49,0,0,0,0,0,0,0,0,0,0,0,0,0,0,0,0,0,0,0,0,0,0,0,0,0,0,0,0,0,0,0,0,0,0,0,0,0,0,0,0,1,0.12,2,1.09,0,0,1,0.22,0,0,0,0,2,0.51,0,0,3,1.28,0,0,0,0,0,0,0,0,0,0,0,0,0,0,0,0,0,0,0,0,0,0,0,0,0,0,0,0,0,0,0,0,3,0.34,3,0.16,0,0,0,0,1,0.6,0,0,0,0,0,0,1,1.09,0,0,0,0,0,0,0,0,0,0,2,1.67,0,0,0,0,0,0,0,0,0,0,0,0,0,0,0,0,0,0,0,0,0,0,0,0,0,0,1,0.43,0,0,0,0,0,0,0,0,0,0,0,0,0,0,0,0,0,0,0,0,0,0,0,0,0,0,0,0,0,0,0,0,0,0,2,0.75,0,0,0,0,0,0,0,0,0,0,0,0,1,3.33,0,0,0,0,0,0,0,0,0,0,0,0,0,0,0,0,0,0,0,0,0,0,0,0,0,0,0,0,0,0,0,0,0,0,0,0,0,0,1,0.04,0,0,0,0,0,0,0,0,0,0,0,0,0,0,0,0,0,0,0,0,0,0,1,3.12,0,0,0,0,0,0,0,0,0,0,0,0,0,0,0,0,0,0,0,0,0,0,0,0,0,0,0,0,0,0,0,0,0,0,0,0,0,0,0,0,1,0.41,0,0,0,0,0,0,0,0,0,0,0,0,0,0,0,0,0,0,0,0,0,0,0,0,0,0,0,0,0,0,0,0,0,0,0,0,0,0,0,0,0,0,0,0,0,0,0,0,0,0,0,0,0,0,0,0,2,0.11,0,0,0,0,0,0,0,0,0,0,0,0,0,0,0,0,0,0,3,0.61,0,0,0,0,0,0,0,0,0,0,0,0,0,0,0,0,0,0,0,0,0,0,0,0,0,0,0,0,0,0,0,0,0,0,0,0,0,0,0,0,0,0,0,0,0,0,0,0,0,0,0,0,0,0,0,0,0,0,0,0,0,0,0,0,0,0,0,0,0,0,0,0,0,0,1,3.12,0,0,0,0,0,0,0,0,0,0,0,0,0,0,0,0,0,0,0,0,0,0,0,0,0,0,0,0,0,0,0,0,0,0,0,0,0,0,0,0,0,0,0,0,0,0,0,0,0,0,0,0,0,0,0,0,0,0,0,0,0,0,0,0,0,0,0,0,0,0,0,0,0,0,0,0,0,0,0,0,0,0,0,0,0,0,0,0,0,0,0,0,0,0,0,0,0,0,0,0,0,0,0,0,0,0,0,0,0,0,0,0,1,1.39,0,0,0,0,0,0,0,0,0,0,0,0,0,0,0,0
NEGLIGENT MANSLAUGHTER,3,0.01,0,0,0,0,0,0,0,0,0,0,0,0,0,0,0,0,0,0,0,0,0,0,0,0,0,0,0,0,0,0,0,0,0,0,0,0,0,0,0,0,0,0,0,0,0,0,0,0,0,0,0,0,0,0,0,0,0,0,0,0,0,0,0,0,0,0,0,0,0,0,0,0,0,0,0,0,0,0,0,0,0,0,1,0.38,0,0,0,0,0,0,0,0,0,0,0,0,0,0,0,0,0,0,0,0,0,0,0,0,0,0,0,0,0,0,0,0,0,0,0,0,0,0,0,0,0,0,0,0,0,0,0,0,0,0,0,0,0,0,0,0,0,0,0,0,0,0,0,0,0,0,0,0,0,0,0,0,0,0,0,0,0,0,0,0,0,0,0,0,0,0,0,0,0,0,0,0,0,0,0,0,0,0,0,0,0,0,0,0,0,0,0,0,0,0,0,0,0,0,0,0,0,0,0,0,0,0,0,0,0,0,0,0,0,0,0,0,0,0,0,0,0,0,0,0,0,0,0,0,0,0,0,0,0,0,0,0,0,0,0,0,1,0.05,0,0,0,0,0,0,0,0,0,0,0,0,0,0,0,0,0,0,0,0,0,0,0,0,0,0,0,0,0,0,0,0,0,0,0,0,0,0,0,0,0,0,0,0,0,0,0,0,0,0,0,0,0,0,0,0,0,0,0,0,0,0,0,0,0,0,0,0,0,0,0,0,0,0,0,0,0,0,0,0,0,0,0,0,0,0,0,0,0,0,0,0,0,0,0,0,0,0,0,0,0,0,0,0,0,0,0,0,0,0,0,0,0,0,0,0,0,0,0,0,0,0,0,0,0,0,0,0,0,0,0,0,0,0,0,0,0,0,0,0,0,0,0,0,0,0,0,0,0,0,0,0,0,0,0,0,0,0,0,0,0,0,0,0,0,0,0,0,0,0,0,0,0,0,0,0,0,0,0,0,0,0,0,0,0,0,0,0,0,0,0,0,0,0,0,0,0,0,0,0,0,0,0,0,0,0,0,0,0,0,0,0,0,0,0,0,0,0,0,0,0,0,0,0,0,0,0,0,0,0,0,0,0,0,0,0,0,0,0,0,0,0,0,0,0,0,0,0,0,0,0,0,0,0,0,0,0,0,0,0,0,0,0,0,0,0,1,0.06,0,0,0,0,0,0,0,0,0,0,0,0,0,0,0,0,0,0,0,0,0,0,0,0,0,0,0,0,0,0,0,0,0,0,0,0,0,0,0,0,0,0,0,0,0,0,0,0,0,0,0,0,0,0,0,0,0,0,0,0,0,0,0,0,0,0,0,0,0,0,0,0,0,0,0,0,0,0,0,0,0,0,0,0,0,0,0,0,0,0,0,0,0,0,0,0,0,0,0,0,0,0,0,0,0,0,0,0,0,0,0,0,0,0,0,0,0,0,0,0,0,0,0,0,0,0,0,0,0,0,0,0,0,0,0,0,0,0,0,0,0,0,0,0,0,0,0,0,0,0,0,0,0,0,0,0,0,0,0,0,0,0,0,0,0,0,0,0,0,0,0,0,0,0,0,0,0,0,0,0,0,0,0,0,0,0,0,0,0,0,0,0,0,0,0,0,0,0,0,0,0,0,0,0,0,0,0,0,0,0,0,0,0,0,0,0,0,0,0,0,0,0,0,0,0,0
POCKET-PICKING,93,0.23,0,0,2,0.53,1,0.58,1,0.34,3,0.39,2,0.41,0,0,1,0.15,0,0,0,0,0,0,0,0,0,0,0,0,1,1.54,0,0,11,0.25,0,0,12,0.89,0,0,0,0,1,0.16,0,0,0,0,23,5.68,11,1.08,0,0,2,0.57,0,0,0,0,0,0,1,0.82,0,0,0,0,0,0,1,0.37,0,0,0,0,0,0,0,0,0,0,0,0,0,0,0,0,0,0,0,0,0,0,0,0,0,0,0,0,0,0,0,0,1,1.61,0,0,0,0,0,0,0,0,0,0,0,0,0,0,0,0,1,0.53,0,0,0,0,0,0,0,0,0,0,0,0,2,0.48,0,0,0,0,0,0,0,0,0,0,0,0,0,0,0,0,0,0,0,0,0,0,0,0,0,0,0,0,0,0,0,0,0,0,1,3.03,0,0,0,0,1,0.97,0,0,0,0,0,0,0,0,2,0.23,0,0,0,0,0,0,0,0,0,0,0,0,0,0,0,0,0,0,0,0,0,0,0,0,0,0,0,0,0,0,0,0,2,0.88,0,0,0,0,0,0,0,0,0,0,0,0,0,0,0,0,0,0,0,0,0,0,0,0,0,0,0,0,0,0,0,0,0,0,0,0,0,0,0,0,0,0,0,0,0,0,0,0,0,0,0,0,0,0,0,0,0,0,0,0,0,0,0,0,0,0,0,0,0,0,0,0,1,0.27,0,0,0,0,0,0,0,0,0,0,0,0,0,0,0,0,0,0,0,0,0,0,0,0,0,0,0,0,0,0,0,0,0,0,0,0,0,0,0,0,0,0,0,0,0,0,0,0,0,0,0,0,0,0,0,0,0,0,0,0,0,0,0,0,0,0,0,0,0,0,0,0,0,0,0,0,0,0,0,0,0,0,0,0,0,0,8,0.35,0,0,0,0,0,0,0,0,0,0,0,0,0,0,0,0,0,0,0,0,0,0,0,0,0,0,0,0,0,0,0,0,0,0,0,0,0,0,0,0,0,0,0,0,0,0,0,0,0,0,0,0,0,0,0,0,0,0,0,0,0,0,0,0,0,0,0,0,0,0,0,0,0,0,0,0,0,0,0,0,0,0,0,0,0,0,0,0,0,0,0,0,0,0,0,0,0,0,0,0,0,0,0,0,0,0,0,0,0,0,0,0,0,0,0,0,0,0,0,0,0,0,0,0,0,0,0,0,0,0,0,0,0,0,0,0,0,0,0,0,0,0,0,0,0,0,0,0,0,0,0,0,0,0,0,0,0,0,0,0,0,0,0,0,0,0,0,0,1,3.85,0,0,0,0,0,0,0,0,0,0,0,0,0,0,0,0,0,0,0,0,0,0,0,0,0,0,0,0,0,0,0,0,0,0,0,0,0,0,0,0,0,0,0,0,0,0,0,0,0,0,0,0,0,0,0,0,0,0,0,0,0,0,0,0,0,0,0,0,0,0,0,0,0,0,0,0,1,0.4,0,0,0,0,0,0,0,0,0,0,0,0,0,0,0,0,0,0,0,0,0,0,0,0,0,0,0,0,0,0,0,0,0,0,0,0,0,0,0,0,0,0,0,0,0,0,0,0,0,0,0,0,0,0,0,0,0,0,0,0,0,0,0,0,0,0,0,0,0,0,0,0,0,0,0,0,0,0,0,0,0,0,0,0,0,0,0,0,0,0,0,0,0,0,0,0,0,0,1,0.24,0,0
PORNOGRAPHY/ OBSCENE MATERIAL,2,0,0,0,0,0,0,0,0,0,0,0,0,0,0,0,0,0,0,0,0,0,0,0,0,0,0,0,0,0,0,0,0,0,1,0.02,0,0,0,0,0,0,0,0,0,0,0,0,0,0,0,0,0,0,0,0,0,0,0,0,0,0,0,0,0,0,0,0,0,0,0,0,0,0,0,0,0,0,0,0,0,0,0,0,0,0,0,0,0,0,0,0,0,0,0,0,0,0,0,0,0,0,0,0,0,0,0,0,0,0,0,0,0,0,0,0,0,0,0,0,0,0,0,0,0,0,0,0,0,0,0,0,0,0,0,0,0,0,0,0,0,0,0,0,0,0,0,0,0,0,0,0,0,0,0,0,0,0,0,0,0,0,0,0,0,0,0,0,0,0,0,0,0,0,0,0,0,0,0,0,1,0.97,0,0,0,0,0,0,0,0,0,0,0,0,0,0,0,0,0,0,0,0,0,0,0,0,0,0,0,0,0,0,0,0,0,0,0,0,0,0,0,0,0,0,0,0,0,0,0,0,0,0,0,0,0,0,0,0,0,0,0,0,0,0,0,0,0,0,0,0,0,0,0,0,0,0,0,0,0,0,0,0,0,0,0,0,0,0,0,0,0,0,0,0,0,0,0,0,0,0,0,0,0,0,0,0,0,0,0,0,0,0,0,0,0,0,0,0,0,0,0,0,0,0,0,0,0,0,0,0,0,0,0,0,0,0,0,0,0,0,0,0,0,0,0,0,0,0,0,0,0,0,0,0,0,0,0,0,0,0,0,0,0,0,0,0,0,0,0,0,0,0,0,0,0,0,0,0,0,0,0,0,0,0,0,0,0,0,0,0,0,0,0,0,0,0,0,0,0,0,0,0,0,0,0,0,0,0,0,0,0,0,0,0,0,0,0,0,0,0,0,0,0,0,0,0,0,0,0,0,0,0,0,0,0,0,0,0,0,0,0,0,0,0,0,0,0,0,0,0,0,0,0,0,0,0,0,0,0,0,0,0,0,0,0,0,0,0,0,0,0,0,0,0,0,0,0,0,0,0,0,0,0,0,0,0,0,0,0,0,0,0,0,0,0,0,0,0,0,0,0,0,0,0,0,0,0,0,0,0,0,0,0,0,0,0,0,0,0,0,0,0,0,0,0,0,0,0,0,0,0,0,0,0,0,0,0,0,0,0,0,0,0,0,0,0,0,0,0,0,0,0,0,0,0,0,0,0,0,0,0,0,0,0,0,0,0,0,0,0,0,0,0,0,0,0,0,0,0,0,0,0,0,0,0,0,0,0,0,0,0,0,0,0,0,0,0,0,0,0,0,0,0,0,0,0,0,0,0,0,0,0,0,0,0,0,0,0,0,0,0,0,0,0,0,0,0,0,0,0,0,0,0,0,0,0,0,0,0,0,0,0,0,0,0,0,0,0,0,0,0,0,0,0,0,0,0,0,0,0,0,0,0,0,0,0,0,0,0,0,0,0,0,0,0,0,0,0,0,0,0,0,0,0,0,0,0,0,0,0,0,0,0,0,0,0,0,0,0,0,0,0,0,0,0,0,0,0,0,0,0,0,0,0,0,0,0,0,0,0,0,0,0,0,0,0,0,0,0,0,0,0,0,0,0,0,0,0,0,0,0,0,0,0,0,0,0,0,0,0,0,0,0,0,0,0,0,0
PURSE-SNATCHING,25,0.06,0,0,0,0,0,0,1,0.34,3,0.39,0,0,0,0,0,0,0,0,0,0,0,0,0,0,0,0,0,0,0,0,0,0,2,0.05,0,0,0,0,0,0,0,0,2,0.31,0,0,0,0,0,0,1,0.1,0,0,2,0.57,0,0,0,0,0,0,0,0,0,0,0,0,0,0,1,0.37,1,1.16,0,0,0,0,0,0,0,0,0,0,0,0,0,0,0,0,0,0,0,0,0,0,0,0,0,0,0,0,0,0,0,0,0,0,0,0,0,0,0,0,0,0,0,0,0,0,0,0,0,0,0,0,0,0,0,0,0,0,0,0,0,0,0,0,0,0,0,0,0,0,1,0.98,0,0,0,0,0,0,0,0,0,0,0,0,0,0,0,0,0,0,0,0,0,0,0,0,0,0,0,0,0,0,0,0,0,0,0,0,0,0,0,0,0,0,1,0.12,0,0,0,0,1,0.22,0,0,0,0,1,0.25,0,0,0,0,0,0,0,0,0,0,0,0,0,0,0,0,0,0,0,0,0,0,0,0,0,0,0,0,0,0,0,0,0,0,0,0,0,0,1,0.05,0,0,0,0,1,0.6,0,0,0,0,0,0,0,0,0,0,0,0,0,0,0,0,0,0,0,0,0,0,0,0,0,0,0,0,0,0,0,0,0,0,0,0,0,0,0,0,0,0,0,0,0,0,0,0,1,0.27,0,0,0,0,0,0,0,0,0,0,0,0,0,0,0,0,0,0,0,0,0,0,0,0,0,0,0,0,0,0,0,0,0,0,0,0,0,0,0,0,0,0,0,0,0,0,0,0,0,0,0,0,0,0,0,0,0,0,0,0,0,0,0,0,0,0,0,0,0,0,0,0,0,0,0,0,0,0,0,0,0,0,0,0,0,0,1,0.04,0,0,0,0,0,0,0,0,0,0,0,0,0,0,0,0,0,0,0,0,0,0,0,0,0,0,0,0,0,0,0,0,0,0,0,0,0,0,0,0,0,0,0,0,0,0,0,0,0,0,0,0,0,0,0,0,0,0,0,0,0,0,0,0,1,0.41,0,0,0,0,0,0,0,0,0,0,0,0,0,0,0,0,0,0,0,0,0,0,0,0,0,0,0,0,0,0,0,0,0,0,0,0,0,0,0,0,0,0,0,0,0,0,0,0,0,0,0,0,0,0,0,0,2,0.11,0,0,0,0,0,0,0,0,0,0,0,0,0,0,0,0,0,0,0,0,0,0,0,0,0,0,0,0,0,0,0,0,0,0,0,0,0,0,0,0,1,1.54,0,0,0,0,0,0,0,0,0,0,0,0,0,0,0,0,0,0,0,0,0,0,0,0,0,0,0,0,0,0,0,0,0,0,0,0,0,0,0,0,0,0,0,0,0,0,0,0,0,0,0,0,0,0,0,0,0,0,0,0,0,0,0,0,0,0,0,0,0,0,0,0,0,0,0,0,0,0,0,0,0,0,0,0,0,0,0,0,0,0,0,0,0,0,0,0,0,0,0,0,0,0,0,0,0,0,0,0,0,0,0,0,0,0,0,0,0,0,0,0,0,0,0,0,0,0,0,0,1,2.7,0,0,0,0,0,0,0,0,0,0,0,0,0,0,0,0,0,0,0,0,0,0,0,0,0,0,0,0,0,0,0,0,0,0,0,0,0,0,0,0,0,0,0,0,0,0,0,0,0,0,0,0,0,0
ROBBERY-BUSINESS,192,0.47,0,0,1,0.26,0,0,0,0,0,0,0,0,0,0,2,0.31,0,0,0,0,0,0,1,0.74,0,0,0,0,0,0,0,0,8,0.18,0,0,4,0.3,0,0,1,0.4,5,0.78,0,0,0,0,1,0.25,3,0.29,0,0,2,0.57,0,0,0,0,0,0,0,0,0,0,0,0,0,0,3,1.12,0,0,0,0,0,0,0,0,0,0,0,0,0,0,3,0.32,1,0.34,0,0,1,1.2,0,0,0,0,1,0.81,0,0,0,0,0,0,1,0.43,0,0,0,0,0,0,0,0,0,0,0,0,0,0,1,0.53,0,0,0,0,0,0,0,0,0,0,0,0,0,0,0,0,3,1.82,0,0,0,0,0,0,0,0,0,0,4,3.74,0,0,0,0,0,0,0,0,2,1.54,1,5.88,2,1.57,0,0,0,0,0,0,0,0,0,0,0,0,2,1.17,1,1.11,0,0,0,0,7,0.82,1,0.54,3,1.23,2,0.43,0,0,0,0,2,0.51,0,0,2,0.85,0,0,0,0,0,0,2,1.04,0,0,0,0,0,0,0,0,1,0.44,0,0,0,0,0,0,0,0,2,2.38,1,1.79,0,0,3,0.34,25,1.34,0,0,0,0,1,0.6,0,0,0,0,0,0,2,2.17,2,13.33,2,5.13,2,7.41,0,0,0,0,0,0,0,0,0,0,0,0,0,0,0,0,0,0,0,0,0,0,0,0,0,0,3,11.11,0,0,0,0,0,0,1,0.27,0,0,0,0,0,0,2,1.57,1,0.81,0,0,0,0,1,3.45,0,0,0,0,0,0,0,0,0,0,0,0,0,0,0,0,2,0.75,0,0,0,0,0,0,0,0,0,0,1,0.58,0,0,0,0,1,25,1,0.38,0,0,0,0,0,0,0,0,0,0,0,0,0,0,0,0,0,0,0,0,0,0,0,0,0,0,0,0,0,0,0,0,16,0.71,0,0,0,0,0,0,0,0,0,0,0,0,0,0,0,0,0,0,0,0,0,0,0,0,0,0,0,0,0,0,0,0,3,1.69,0,0,0,0,0,0,0,0,0,0,0,0,1,0.72,0,0,0,0,0,0,0,0,0,0,1,0.32,0,0,0,0,2,0.83,0,0,0,0,0,0,0,0,0,0,0,0,1,1.14,5,4.2,0,0,2,1.65,0,0,0,0,0,0,0,0,0,0,0,0,2,6.45,0,0,0,0,0,0,0,0,0,0,0,0,0,0,0,0,0,0,0,0,0,0,7,0.4,0,0,0,0,2,5.88,0,0,0,0,0,0,0,0,0,0,0,0,4,0.81,7,3.47,0,0,0,0,0,0,0,0,0,0,2,1.71,0,0,0,0,0,0,0,0,4,6.67,0,0,0,0,0,0,0,0,0,0,0,0,0,0,0,0,0,0,0,0,1,1.82,0,0,0,0,0,0,0,0,0,0,0,0,0,0,0,0,0,0,0,0,0,0,0,0,1,2.08,0,0,0,0,0,0,0,0,0,0,0,0,0,0,1,2.78,0,0,1,0.52,0,0,1,0.84,0,0,0,0,0,0,0,0,0,0,0,0,0,0,0,0,0,0,0,0,0,0,0,0,0,0,0,0,0,0,1,1.47,0,0,0,0,0,0,2,1.35,0,0,0,0,0,0,0,0,0,0,0,0,0,0,0,0,2,6.25,0,0,0,0,0,0,0,0,0,0,0,0,0,0,0,0,0,0,0,0,0,0,0,0,0,0,0,0,0,0,0,0,0,0,0,0,0,0,0,0,3,2.38,0,0,0,0,0,0,0,0,1,0.18
ROBBERY-INDIVIDUAL,845,2.08,0,0,7,1.85,1,0.58,7,2.36,12,1.55,8,1.64,7,2.51,9,1.38,0,0,0,0,4,4.76,4,2.94,1,2.7,3,0.74,2,3.08,3,0.49,41,0.93,1,0.42,16,1.19,3,1.18,1,0.4,7,1.09,1,1.06,2,0.73,13,3.21,23,2.26,1,0.96,14,4.02,0,0,8,4.91,1,2.27,1,0.82,1,5.26,0,0,4,4.44,3,1.12,1,1.16,0,0,0,0,1,0.78,4,3.12,5,1.88,2,0.31,15,1.59,7,2.4,1,1.2,5,6.02,2,4.08,14,2.85,9,7.26,2,2.94,6,2.74,2,3.23,6,2.61,0,0,5,6.33,2,2.22,0,0,1,1.85,2,3.77,0,0,3,1.59,0,0,1,1.52,0,0,2,1.25,0,0,2,1.85,7,1.69,0,0,5,3.03,3,2.97,3,2.94,6,2.94,2,1.72,4,2.8,3,2.8,0,0,1,2.5,1,1.05,0,0,3,2.31,0,0,1,0.79,2,4.55,1,25,0,0,6,1.27,1,1.1,2,1.94,0,0,0,0,1,1.3,0,0,20,2.33,3,1.63,8,3.29,12,2.59,0,0,2,4.65,11,2.8,0,0,11,4.7,2,3.28,0,0,0,0,4,2.07,0,0,1,2.27,0,0,0,0,1,0.44,1,0.97,0,0,0,0,0,0,5,5.95,0,0,0,0,14,1.58,56,2.99,0,0,1,5,4,2.4,0,0,1,3.45,0,0,2,2.17,0,0,0,0,1,3.7,0,0,0,0,3,2.5,1,5,1,1.89,0,0,4,1.24,1,1.05,1,1.18,0,0,0,0,0,0,0,0,0,0,1,7.69,0,0,2,0.86,6,1.61,0,0,0,0,4,4.04,2,1.57,3,2.42,1,1.45,0,0,0,0,0,0,1,9.09,0,0,0,0,0,0,0,0,2,8.33,2,3.33,6,2.26,1,0.59,0,0,0,0,0,0,1,3.03,0,0,0,0,1,25,0,0,11,4.21,0,0,2,4.76,0,0,1,5.88,0,0,0,0,0,0,2,3.08,0,0,0,0,1,6.25,0,0,0,0,0,0,0,0,3,1.92,137,6.04,0,0,0,0,0,0,0,0,0,0,0,0,0,0,0,0,0,0,0,0,0,0,0,0,0,0,0,0,0,0,0,0,3,1.69,1,4.17,0,0,0,0,0,0,0,0,0,0,0,0,0,0,0,0,0,0,1,2.13,1,0.93,2,0.64,0,0,0,0,7,2.9,0,0,0,0,0,0,0,0,0,0,0,0,1,1.14,2,1.68,0,0,1,0.83,0,0,0,0,0,0,0,0,0,0,0,0,0,0,0,0,0,0,0,0,0,0,0,0,0,0,0,0,0,0,0,0,0,0,1,6.25,60,3.4,0,0,0,0,0,0,1,4.17,1,1.69,3,6.25,0,0,0,0,0,0,13,2.64,2,0.99,5,2.72,1,2.33,2,5,0,0,0,0,0,0,0,0,0,0,0,0,4,6.15,2,3.33,0,0,0,0,0,0,0,0,0,0,0,0,0,0,0,0,0,0,0,0,0,0,0,0,0,0,0,0,0,0,0,0,1,20,1,1.59,0,0,0,0,0,0,0,0,4,3.39,1,2.08,0,0,0,0,0,0,0,0,0,0,0,0,0,0,1,2.78,0,0,2,1.05,1,4.55,1,0.84,1,2.38,0,0,0,0,2,0.81,0,0,0,0,0,0,0,0,0,0,0,0,0,0,0,0,0,0,0,0,0,0,0,0,0,0,0,0,0,0,7,4.73,0,0,0,0,0,0,0,0,0,0,0,0,0,0,0,0,0,0,0,0,0,0,0,0,0,0,0,0,1,5.56,0,0,1,1.79,0,0,3,3.85,0,0,0,0,0,0,0,0,0,0,0,0,0,0,2,2.78,2,11.11,6,5.04,3,2.38,0,0,2,7.69,0,0,1,0.24,9,1.64
SHOPLIFTING,669,1.65,0,0,2,0.53,0,0,5,1.68,14,1.8,4,0.82,0,0,5,0.76,0,0,0,0,0,0,0,0,0,0,1,0.25,0,0,4,0.66,33,0.75,0,0,28,2.09,0,0,24,9.56,45,7.03,0,0,4,1.45,2,0.49,5,0.49,1,0.96,2,0.57,0,0,0,0,0,0,1,0.82,0,0,0,0,11,12.22,1,0.37,0,0,0,0,0,0,0,0,0,0,1,0.38,10,1.53,11,1.17,2,0.68,0,0,0,0,0,0,1,0.2,0,0,0,0,1,0.46,0,0,0,0,0,0,0,0,0,0,0,0,0,0,0,0,0,0,16,8.47,0,0,0,0,0,0,0,0,0,0,1,0.93,1,0.24,0,0,0,0,0,0,1,0.98,0,0,0,0,1,0.7,0,0,0,0,0,0,0,0,0,0,7,5.38,0,0,0,0,0,0,0,0,0,0,39,8.26,0,0,0,0,1,0.58,1,1.11,0,0,0,0,13,1.52,0,0,4,1.65,0,0,0,0,0,0,2,0.51,1,3.23,1,0.43,0,0,3,10,0,0,3,1.55,0,0,0,0,2,4.88,0,0,7,3.1,3,2.91,1,1.89,0,0,0,0,1,1.19,0,0,0,0,4,0.45,44,2.35,0,0,0,0,1,0.6,0,0,0,0,0,0,2,2.17,0,0,0,0,0,0,0,0,0,0,0,0,0,0,0,0,0,0,0,0,6,6.32,0,0,0,0,0,0,0,0,0,0,0,0,0,0,0,0,2,0.86,2,0.54,1,0.58,0,0,1,1.01,5,3.94,1,0.81,0,0,0,0,1,3.45,0,0,0,0,0,0,0,0,0,0,0,0,0,0,0,0,2,0.75,2,1.18,0,0,0,0,0,0,0,0,6,3.49,0,0,0,0,2,50,0,0,0,0,0,0,0,0,0,0,0,0,0,0,0,0,0,0,0,0,0,0,0,0,0,0,0,0,1,6.25,0,0,0,0,63,2.78,0,0,0,0,0,0,0,0,1,5,2,8.33,0,0,0,0,0,0,0,0,0,0,0,0,0,0,0,0,0,0,0,0,0,0,0,0,0,0,0,0,0,0,0,0,0,0,20,14.39,1,0.6,0,0,0,0,1,2.13,13,12.04,11,3.5,0,0,0,0,57,23.65,0,0,0,0,0,0,0,0,1,7.14,0,0,2,2.27,2,1.68,0,0,0,0,1,2.38,0,0,0,0,0,0,0,0,0,0,1,3.23,1,1.89,0,0,0,0,0,0,0,0,0,0,6,9.84,0,0,0,0,0,0,0,0,64,3.63,0,0,0,0,0,0,0,0,0,0,1,2.08,0,0,0,0,0,0,21,4.26,18,8.91,0,0,0,0,0,0,0,0,0,0,0,0,0,0,0,0,0,0,0,0,6,10,0,0,0,0,0,0,0,0,0,0,0,0,0,0,0,0,1,4.17,0,0,1,1.82,0,0,0,0,0,0,3,8.57,0,0,0,0,6,9.52,0,0,1,2.86,0,0,0,0,0,0,0,0,0,0,0,0,0,0,0,0,0,0,0,0,0,0,0,0,0,0,2,1.05,0,0,4,3.36,0,0,0,0,0,0,0,0,0,0,0,0,0,0,5,11.63,0,0,1,8.33,0,0,0,0,0,0,0,0,0,0,2,2.94,0,0,0,0,0,0,2,1.35,0,0,0,0,0,0,0,0,0,0,0,0,0,0,1,2.7,0,0,0,0,0,0,0,0,0,0,1,3.7,0,0,0,0,1,1.79,0,0,0,0,0,0,0,0,0,0,0,0,0,0,0,0,0,0,0,0,0,0,2,1.68,1,0.79,0,0,0,0,0,0,3,0.73,7,1.28
SIMPLE ASSAULT,1345,3.31,3,6,15,3.97,8,4.65,11,3.7,41,5.28,28,5.75,5,1.79,23,3.52,0,0,1,3.03,3,3.57,6,4.41,2,5.41,2,0.49,5,7.69,11,1.81,125,2.83,3,1.27,30,2.24,2,0.79,4,1.59,12,1.88,8,8.51,4,1.45,20,4.94,41,4.03,3,2.88,28,8.05,0,0,14,8.59,1,2.27,7,5.74,2,10.53,0,0,2,2.22,12,4.48,4,4.65,0,0,2,4.17,3,2.34,3,2.34,8,3.01,10,1.53,14,1.48,22,7.53,1,1.2,1,1.2,3,6.12,29,5.89,8,6.45,7,10.29,13,5.94,4,6.45,16,6.96,0,0,3,3.8,4,4.44,0,0,2,3.7,4,7.55,0,0,4,2.12,2,2.63,3,4.55,0,0,4,2.5,0,0,5,4.63,7,1.69,4,7.41,8,4.85,1,0.99,8,7.84,9,4.41,8,6.9,6,4.2,5,4.67,1,5,0,0,4,4.21,0,0,4,3.08,0,0,3,2.36,1,2.27,0,0,1,3.03,15,3.18,2,2.2,4,3.88,10,5.85,1,1.11,0,0,0,0,20,2.33,14,7.61,12,4.94,20,4.31,0,0,2,4.65,30,7.63,2,6.45,11,4.7,4,6.56,0,0,2,2.41,12,6.22,0,0,2,4.55,2,4.88,1,3.33,8,3.54,3,2.91,2,3.77,2,6.25,0,0,7,8.33,0,0,0,0,17,1.91,61,3.26,0,0,2,10,10,5.99,1,4.76,1,3.45,1,10,3,3.26,0,0,0,0,0,0,0,0,0,0,4,3.33,0,0,1,1.89,1,2.44,2,0.62,2,2.11,2,2.35,0,0,0,0,0,0,0,0,0,0,0,0,0,0,11,4.72,24,6.43,3,1.74,3,4.84,2,2.02,9,7.09,7,5.65,4,5.8,1,3.7,0,0,0,0,0,0,0,0,3,9.68,2,6.9,0,0,2,8.33,1,1.67,11,4.15,2,1.18,0,0,0,0,0,0,0,0,4,2.33,2,6.67,0,0,0,0,8,3.07,1,2.7,0,0,0,0,1,5.88,1,4.55,1,11.11,1,2.5,2,3.08,1,20,0,0,0,0,0,0,0,0,0,0,0,0,4,2.56,106,4.67,0,0,0,0,0,0,0,0,0,0,0,0,0,0,0,0,0,0,0,0,1,1.96,1,3.12,0,0,0,0,0,0,2,25,8,4.52,1,4.17,0,0,0,0,0,0,0,0,3,5.56,1,0.72,2,1.2,0,0,0,0,0,0,1,0.93,5,1.59,0,0,0,0,11,4.56,0,0,0,0,1,1.05,0,0,0,0,0,0,1,1.14,1,0.84,0,0,1,0.83,0,0,0,0,0,0,0,0,1,9.09,0,0,0,0,0,0,0,0,0,0,2,6.45,2,15.38,0,0,0,0,0,0,0,0,0,0,0,0,43,2.44,1,11.11,0,0,1,2.94,1,4.17,0,0,0,0,0,0,3,3.33,0,0,14,2.84,2,0.99,5,2.72,1,2.33,1,2.5,1,2.94,0,0,0,0,0,0,0,0,0,0,2,3.08,0,0,0,0,0,0,1,2.56,0,0,1,2.22,0,0,0,0,0,0,0,0,0,0,0,0,0,0,0,0,0,0,0,0,0,0,0,0,1,1.59,0,0,0,0,0,0,0,0,8,6.78,3,6.25,0,0,1,3.12,2,6.9,0,0,0,0,0,0,0,0,0,0,0,0,4,2.09,0,0,2,1.68,0,0,0,0,0,0,4,1.61,0,0,0,0,0,0,1,2.33,0,0,0,0,0,0,0,0,0,0,0,0,0,0,0,0,0,0,0,0,0,0,7,4.73,0,0,0,0,0,0,0,0,0,0,0,0,0,0,0,0,1,3.12,0,0,0,0,0,0,0,0,0,0,0,0,0,0,2,3.57,1,5.56,5,6.41,1,2.44,0,0,0,0,0,0,0,0,0,0,0,0,7,9.72,0,0,2,1.68,4,3.17,0,0,0,0,0,0,7,1.69,17,3.1
STOLEN PROPERTY OFFENSES,142,0.35,1,2,0,0,2,1.16,1,0.34,2,0.26,0,0,0,0,1,0.15,0,0,0,0,1,1.19,0,0,0,0,2,0.49,1,1.54,0,0,2,0.05,0,0,0,0,0,0,0,0,3,0.47,0,0,0,0,0,0,6,0.59,1,0.96,3,0.86,0,0,2,1.23,0,0,1,0.82,0,0,0,0,1,1.11,0,0,0,0,0,0,0,0,1,0.78,0,0,0,0,0,0,2,0.21,5,1.71,0,0,0,0,1,2.04,2,0.41,0,0,0,0,1,0.46,0,0,1,0.43,0,0,0,0,0,0,0,0,0,0,0,0,0,0,0,0,0,0,1,1.52,0,0,0,0,0,0,0,0,1,0.24,1,1.85,6,3.64,1,0.99,2,1.96,0,0,0,0,0,0,2,1.87,0,0,0,0,0,0,0,0,0,0,0,0,1,0.79,0,0,0,0,0,0,3,0.64,0,0,0,0,0,0,0,0,0,0,0,0,3,0.35,1,0.54,0,0,4,0.86,0,0,1,2.33,0,0,0,0,0,0,0,0,0,0,0,0,0,0,0,0,0,0,0,0,0,0,0,0,0,0,0,0,0,0,0,0,0,0,0,0,0,0,5,0.56,14,0.75,0,0,0,0,0,0,0,0,0,0,0,0,0,0,0,0,0,0,0,0,0,0,0,0,1,0.83,0,0,0,0,0,0,3,0.93,0,0,0,0,0,0,0,0,0,0,0,0,0,0,0,0,0,0,1,0.43,3,0.8,1,0.58,0,0,0,0,0,0,1,0.81,0,0,0,0,0,0,0,0,0,0,0,0,0,0,0,0,0,0,0,0,0,0,2,0.75,1,0.59,0,0,0,0,0,0,0,0,0,0,0,0,0,0,0,0,2,0.77,0,0,0,0,0,0,0,0,0,0,0,0,0,0,0,0,0,0,0,0,0,0,0,0,0,0,0,0,0,0,0,0,19,0.84,0,0,0,0,0,0,0,0,0,0,0,0,0,0,0,0,0,0,0,0,0,0,0,0,0,0,0,0,0,0,0,0,1,0.56,0,0,0,0,0,0,0,0,0,0,0,0,0,0,1,0.6,0,0,0,0,0,0,0,0,0,0,0,0,0,0,1,0.41,0,0,0,0,1,1.05,0,0,0,0,0,0,0,0,0,0,0,0,0,0,0,0,0,0,0,0,0,0,0,0,0,0,0,0,0,0,0,0,0,0,0,0,0,0,0,0,0,0,0,0,0,0,0,0,0,0,1,0.06,0,0,0,0,0,0,0,0,0,0,0,0,0,0,0,0,0,0,0,0,0,0,2,1.09,3,6.98,1,2.5,1,2.94,0,0,0,0,0,0,0,0,0,0,0,0,0,0,0,0,0,0,0,0,0,0,1,2.22,0,0,0,0,0,0,0,0,0,0,0,0,0,0,0,0,0,0,0,0,0,0,0,0,1,1.59,0,0,0,0,0,0,0,0,1,0.85,0,0,0,0,0,0,0,0,0,0,0,0,0,0,0,0,0,0,0,0,1,0.52,0,0,1,0.84,0,0,0,0,0,0,0,0,0,0,0,0,0,0,0,0,0,0,0,0,0,0,0,0,0,0,0,0,0,0,0,0,1,2.08,0,0,0,0,0,0,0,0,0,0,0,0,0,0,0,0,0,0,0,0,0,0,0,0,0,0,0,0,0,0,0,0,0,0,0,0,0,0,0,0,0,0,1,1.28,0,0,0,0,1,4.55,0,0,0,0,0,0,0,0,0,0,0,0,1,0.84,0,0,0,0,0,0,0,0,1,0.24,3,0.55
THEFT FROM MOTOR VEHICLE,7153,17.6,10,20,88,23.28,27,15.7,50,16.84,172,22.16,132,27.1,49,17.56,53,8.1,2,6.67,0,0,5,5.95,15,11.03,7,18.92,114,28.15,5,7.69,173,28.41,1334,30.18,66,27.97,458,34.13,95,37.4,76,30.28,189,29.53,6,6.38,86,31.27,99,24.44,320,31.47,24,23.08,36,10.34,6,50,5,3.07,6,13.64,13,10.66,3,15.79,0,0,8,8.89,32,11.94,10,11.63,5,11.11,16,33.33,10,7.81,24,18.75,22,8.27,270,41.35,274,29.03,56,19.18,6,7.23,6,7.23,0,0,29,5.89,6,4.84,7,10.29,13,5.94,6,9.68,13,5.65,1,8.33,2,2.53,9,10,1,5.88,9,16.67,3,5.66,1,14.29,26,13.76,5,6.58,3,4.55,1,16.67,57,35.62,2,28.57,28,25.93,148,35.75,9,16.67,16,9.7,7,6.93,9,8.82,16,7.84,12,10.34,10,6.99,16,14.95,1,5,3,7.5,8,8.42,3,13.64,10,7.69,2,11.76,7,5.51,9,20.45,0,0,9,27.27,74,15.68,29,31.87,25,24.27,40,23.39,8,8.89,18,23.38,0,0,82,9.56,11,5.98,28,11.52,55,11.85,1,7.14,3,6.98,18,4.58,2,6.45,20,8.55,6,9.84,4,13.33,10,12.05,11,5.7,0,0,5,11.36,8,19.51,8,26.67,35,15.49,7,6.8,9,16.98,9,28.12,7,14.89,4,4.76,10,17.86,12,13.79,94,10.59,162,8.66,1,100,1,5,15,8.98,0,0,0,0,0,0,10,10.87,1,6.67,9,23.08,4,14.81,3,8.57,7,30.43,12,10,4,20,0,0,1,2.44,60,18.63,22,23.16,19,22.35,1,33.33,21,30,1,25,0,0,4,14.81,3,23.08,3,27.27,25,10.73,23,6.17,74,43.02,4,6.45,3,3.03,4,3.15,8,6.45,6,8.7,0,0,5,17.24,0,0,1,9.09,1,14.29,5,16.13,1,3.45,1,4.76,3,12.5,9,15,24,9.06,39,22.94,3,33.33,5,38.46,15,30.61,9,27.27,34,19.77,7,23.33,0,0,0,0,45,17.24,7,18.92,3,7.14,6,15,2,11.76,3,13.64,1,11.11,5,12.5,5,7.69,0,0,6,20.69,1,6.25,2,33.33,4,18.18,0,0,0,0,22,14.1,209,9.22,1,9.09,20,38.46,20,41.67,2,12.5,7,35,12,50,20,68.97,26,61.9,2,50,0,0,10,19.61,8,25,7,29.17,4,28.57,9,34.62,1,12.5,13,7.34,4,16.67,0,0,0,0,6,18.18,3,33.33,6,11.11,25,17.99,56,33.53,8,47.06,1,50,8,17.02,38,35.19,67,21.34,6,27.27,9,40.91,22,9.13,6,35.29,1,12.5,14,14.74,2,22.22,5,35.71,1,11.11,8,9.09,12,10.08,1,20,13,10.74,6,14.29,0,0,1,50,2,16.67,2,18.18,8,27.59,2,6.45,4,7.55,0,0,3,42.86,11,35.48,4,30.77,1,25,23,37.7,5,21.74,1,11.11,2,8,2,12.5,271,15.37,2,22.22,0,0,12,35.29,5,20.83,17,28.81,11,22.92,8,34.78,12,13.33,1,7.69,59,11.97,33,16.34,17,9.24,5,11.63,4,10,10,29.41,0,0,36,30.77,2,50,2,40,1,25,23,35.38,10,16.67,8,30.77,3,20,10,25.64,0,0,11,24.44,1,25,2,25,2,28.57,12,50,5,31.25,13,23.64,2,20,1,16.67,1,50,10,28.57,3,42.86,1,20,15,23.81,2,20,17,48.57,6,50,2,40,10,8.47,2,4.17,11,28.21,5,15.62,10,34.48,0,0,0,0,0,0,2,50,9,25,1,100,30,15.71,4,18.18,23,19.33,5,11.9,5,35.71,4,26.67,55,22.18,13,43.33,0,0,9,47.37,12,27.91,2,13.33,4,33.33,9,56.25,0,0,0,0,1,11.11,0,0,16,23.53,13,27.08,3,100,5,31.25,27,18.24,1,25,7,33.33,2,28.57,0,0,0,0,2,40,4,80,7,18.92,4,12.5,1,33.33,0,0,1,12.5,0,0,5,18.52,0,0,4,28.57,5,8.93,2,11.11,11,14.1,5,12.2,0,0,2,9.09,2,50,3,42.86,2,100,2,100,7,9.72,3,16.67,6,5.04,20,15.87,0,0,4,15.38,2,40,153,37.05,78,14.23
THEFT OF BUILDING,559,1.38,3,6,1,0.26,9,5.23,7,2.36,30,3.87,3,0.62,13,4.66,10,1.53,1,3.33,0,0,0,0,0,0,1,2.7,1,0.25,0,0,17,2.79,88,1.99,7,2.97,24,1.79,3,1.18,8,3.19,22,3.44,0,0,3,1.09,14,3.46,18,1.77,2,1.92,2,0.57,0,0,1,0.61,0,0,1,0.82,0,0,0,0,0,0,4,1.49,1,1.16,2,4.44,0,0,1,0.78,2,1.56,2,0.75,11,1.68,15,1.59,4,1.37,0,0,0,0,1,2.04,6,1.22,2,1.61,0,0,4,1.83,1,1.61,1,0.43,0,0,0,0,0,0,1,5.88,0,0,1,1.89,1,14.29,3,1.59,0,0,0,0,0,0,5,3.12,0,0,3,2.78,8,1.93,1,1.85,1,0.61,0,0,3,2.94,2,0.98,2,1.72,5,3.5,0,0,0,0,0,0,0,0,0,0,0,0,0,0,1,0.79,0,0,0,0,1,3.03,5,1.06,1,1.1,2,1.94,2,1.17,1,1.11,0,0,0,0,5,0.58,2,1.09,2,0.82,8,1.72,0,0,0,0,0,0,1,3.23,3,1.28,0,0,0,0,2,2.41,5,2.59,2,5.41,0,0,0,0,0,0,4,1.77,3,2.91,0,0,0,0,0,0,3,3.57,0,0,0,0,6,0.68,17,0.91,0,0,0,0,1,0.6,1,4.76,0,0,0,0,1,1.09,0,0,0,0,0,0,0,0,0,0,1,0.83,0,0,0,0,1,2.44,1,0.31,2,2.11,0,0,0,0,1,1.43,0,0,0,0,0,0,0,0,0,0,1,0.43,6,1.61,2,1.16,0,0,4,4.04,2,1.57,1,0.81,0,0,0,0,0,0,0,0,0,0,0,0,0,0,0,0,0,0,0,0,0,0,1,0.38,3,1.76,0,0,0,0,0,0,1,3.03,2,1.16,0,0,0,0,0,0,6,2.3,0,0,1,2.38,0,0,0,0,0,0,0,0,1,2.5,0,0,0,0,0,0,0,0,0,0,0,0,0,0,0,0,0,0,19,0.84,0,0,1,1.92,0,0,0,0,0,0,0,0,0,0,0,0,0,0,0,0,1,1.96,0,0,0,0,0,0,1,3.85,0,0,3,1.69,0,0,0,0,0,0,0,0,0,0,1,1.85,3,2.16,2,1.2,0,0,0,0,1,2.13,4,3.7,9,2.87,0,0,0,0,3,1.24,0,0,0,0,1,1.05,0,0,0,0,0,0,2,2.27,4,3.36,0,0,1,0.83,2,4.76,0,0,0,0,1,8.33,0,0,0,0,0,0,2,3.77,1,33.33,1,14.29,2,6.45,0,0,0,0,0,0,0,0,0,0,0,0,0,0,27,1.53,0,0,0,0,5,14.71,0,0,0,0,0,0,0,0,0,0,0,0,2,0.41,2,0.99,2,1.09,0,0,0,0,0,0,0,0,0,0,0,0,0,0,0,0,0,0,0,0,1,3.85,0,0,0,0,0,0,3,6.67,0,0,0,0,0,0,1,4.17,0,0,0,0,0,0,0,0,0,0,1,2.86,0,0,0,0,1,1.59,0,0,0,0,1,8.33,1,20,2,1.69,0,0,1,2.56,0,0,1,3.45,0,0,0,0,0,0,1,25,1,2.78,0,0,3,1.57,1,4.55,3,2.52,0,0,0,0,1,6.67,6,2.42,1,3.33,0,0,0,0,0,0,0,0,0,0,0,0,0,0,0,0,0,0,0,0,1,1.47,1,2.08,0,0,0,0,0,0,0,0,0,0,0,0,1,25,0,0,0,0,0,0,0,0,1,3.12,0,0,0,0,0,0,0,0,0,0,0,0,0,0,0,0,0,0,0,0,1,2.44,0,0,0,0,0,0,1,14.29,0,0,0,0,2,2.78,0,0,0,0,2,1.59,0,0,0,0,0,0,8,1.94,3,0.55
THEFT OF COIN-OPERATED MACHINE OR DEVICE,9,0.02,0,0,0,0,0,0,0,0,0,0,0,0,0,0,0,0,0,0,0,0,0,0,0,0,0,0,0,0,0,0,0,0,1,0.02,0,0,0,0,0,0,0,0,0,0,0,0,0,0,0,0,0,0,0,0,0,0,0,0,0,0,0,0,0,0,0,0,0,0,0,0,0,0,0,0,0,0,0,0,0,0,0,0,0,0,0,0,0,0,0,0,0,0,0,0,0,0,0,0,0,0,0,0,0,0,0,0,0,0,0,0,0,0,0,0,0,0,0,0,0,0,0,0,0,0,0,0,0,0,0,0,0,0,0,0,0,0,0,0,1,1.85,0,0,0,0,0,0,0,0,0,0,0,0,0,0,0,0,0,0,0,0,0,0,0,0,0,0,1,0.79,0,0,0,0,0,0,0,0,0,0,0,0,0,0,0,0,0,0,0,0,0,0,0,0,0,0,0,0,0,0,0,0,0,0,0,0,1,0.43,0,0,0,0,0,0,0,0,0,0,0,0,0,0,0,0,0,0,0,0,0,0,0,0,0,0,0,0,0,0,0,0,0,0,2,0.11,0,0,0,0,0,0,0,0,0,0,0,0,0,0,0,0,0,0,0,0,0,0,0,0,0,0,0,0,0,0,0,0,0,0,0,0,0,0,0,0,0,0,0,0,0,0,0,0,0,0,0,0,0,0,0,0,0,0,0,0,0,0,0,0,0,0,0,0,0,0,0,0,0,0,0,0,0,0,0,0,0,0,0,0,0,0,0,0,0,0,0,0,0,0,0,0,0,0,0,0,0,0,0,0,0,0,0,0,0,0,0,0,0,0,0,0,0,0,0,0,0,0,0,0,0,0,0,0,0,0,0,0,0,0,0,0,0,0,0,0,0,0,1,0.04,0,0,0,0,0,0,0,0,0,0,0,0,0,0,0,0,0,0,0,0,0,0,0,0,0,0,0,0,0,0,0,0,0,0,0,0,0,0,0,0,0,0,0,0,0,0,0,0,0,0,0,0,0,0,0,0,0,0,0,0,0,0,0,0,0,0,0,0,0,0,0,0,0,0,0,0,0,0,0,0,0,0,0,0,0,0,0,0,0,0,0,0,0,0,0,0,0,0,0,0,0,0,0,0,0,0,0,0,0,0,0,0,0,0,0,0,0,0,0,0,0,0,1,0.06,0,0,0,0,0,0,0,0,0,0,0,0,0,0,0,0,0,0,0,0,0,0,0,0,0,0,0,0,0,0,0,0,0,0,0,0,0,0,0,0,0,0,0,0,0,0,0,0,0,0,0,0,0,0,0,0,0,0,0,0,0,0,0,0,0,0,0,0,0,0,0,0,0,0,0,0,0,0,0,0,0,0,0,0,0,0,0,0,0,0,0,0,0,0,0,0,0,0,0,0,0,0,0,0,0,0,0,0,0,0,0,0,0,0,0,0,0,0,0,0,0,0,0,0,0,0,0,0,0,0,0,0,0,0,0,0,0,0,0,0,0,0,0,0,0,0,0,0,0,0,0,0,0,0,0,0,0,0,0,0,0,0,0,0,0,0,0,0,0,0,0,0,0,0,0,0,0,0,0,0,0,0,0,0,0,0,0,0,0,0,0,0,0,0,0,0,0,0,0,0,0,0,0,0,0,0,0,0,0,0,0,0,0,0,0,0,0,0,0,0,0,0,0,0,1,0.18
THEFT OF MOTOR VEHICLE PARTS OR ACCESSORIES,3208,7.89,2,4,30,7.94,27,15.7,26,8.75,47,6.06,42,8.62,40,14.34,23,3.52,5,16.67,1,3.03,6,7.14,10,7.35,5,13.51,60,14.81,1,1.54,107,17.57,349,7.9,21,8.9,94,7,20,7.87,25,9.96,52,8.12,9,9.57,42,15.27,30,7.41,54,5.31,3,2.88,8,2.3,0,0,8,4.91,1,2.27,2,1.64,0,0,1,10,2,2.22,22,8.21,7,8.14,4,8.89,3,6.25,6,4.69,16,12.5,7,2.63,52,7.96,77,8.16,19,6.51,3,3.61,3,3.61,5,10.2,17,3.46,2,1.61,1,1.47,3,1.37,1,1.61,13,5.65,0,0,2,2.53,5,5.56,0,0,0,0,1,1.89,0,0,10,5.29,9,11.84,3,4.55,0,0,13,8.12,0,0,6,5.56,37,8.94,3,5.56,11,6.67,2,1.98,8,7.84,5,2.45,6,5.17,8,5.59,4,3.74,0,0,0,0,2,2.11,3,13.64,5,3.85,2,11.76,5,3.94,2,4.55,0,0,4,12.12,69,14.62,6,6.59,7,6.8,12,7.02,2,2.22,5,6.49,0,0,79,9.21,10,5.43,12,4.94,23,4.96,0,0,1,2.33,8,2.04,0,0,12,5.13,6,9.84,3,10,15,18.07,13,6.74,4,10.81,2,4.55,2,4.88,3,10,23,10.18,8,7.77,6,11.32,3,9.38,8,17.02,7,8.33,3,5.36,4,4.6,53,5.97,108,5.78,0,0,2,10,6,3.59,0,0,3,10.34,0,0,7,7.61,1,6.67,2,5.13,0,0,7,20,2,8.7,5,4.17,0,0,1,1.89,1,2.44,54,16.77,10,10.53,6,7.06,0,0,7,10,0,0,0,0,1,3.7,2,15.38,0,0,7,3,19,5.09,6,3.49,0,0,5,5.05,3,2.36,4,3.23,4,5.8,1,3.7,2,6.9,1,100,0,0,1,14.29,3,9.68,1,3.45,2,9.52,2,8.33,5,8.33,17,6.42,10,5.88,0,0,2,15.38,4,8.16,4,12.12,16,9.3,1,3.33,0,0,0,0,17,6.51,4,10.81,2,4.76,1,2.5,0,0,1,4.55,1,11.11,2,5,12,18.46,0,0,1,3.45,2,12.5,0,0,3,13.64,3,18.75,1,10,16,10.26,176,7.76,1,9.09,1,1.92,3,6.25,4,25,0,0,0,0,1,3.45,3,7.14,1,25,0,0,7,13.73,3,9.38,2,8.33,1,7.14,2,7.69,2,25,5,2.82,1,4.17,0,0,0,0,4,12.12,1,11.11,10,18.52,12,8.63,21,12.57,1,5.88,0,0,7,14.89,3,2.78,56,17.83,3,13.64,1,4.55,16,6.64,1,5.88,2,25,9,9.47,0,0,1,7.14,1,11.11,8,9.09,7,5.88,1,20,7,5.79,3,7.14,0,0,0,0,1,8.33,0,0,5,17.24,0,0,6,11.32,0,0,0,0,4,12.9,0,0,0,0,5,8.2,5,21.74,2,22.22,3,12,0,0,241,13.67,2,22.22,1,33.33,8,23.53,2,8.33,9,15.25,2,4.17,1,4.35,14,15.56,1,7.69,55,11.16,26,12.87,23,12.5,2,4.65,3,7.5,2,5.88,0,0,10,8.55,0,0,0,0,2,50,5,7.69,8,13.33,5,19.23,3,20,4,10.26,0,0,4,8.89,0,0,0,0,0,0,1,4.17,2,12.5,5,9.09,0,0,0,0,0,0,2,5.71,0,0,1,20,5,7.94,1,10,1,2.86,1,8.33,1,20,18,15.25,7,14.58,2,5.13,3,9.38,1,3.45,0,0,0,0,0,0,0,0,4,11.11,0,0,35,18.32,6,27.27,16,13.45,4,9.52,1,7.14,2,13.33,55,22.18,4,13.33,0,0,4,21.05,6,13.95,2,13.33,0,0,0,0,0,0,0,0,2,22.22,3,50,6,8.82,3,6.25,0,0,3,18.75,8,5.41,1,25,3,14.29,0,0,0,0,0,0,0,0,0,0,2,5.41,2,6.25,0,0,0,0,1,12.5,0,0,1,3.7,0,0,0,0,2,3.57,0,0,2,2.56,4,9.76,0,0,3,13.64,0,0,0,0,0,0,0,0,0,0,2,11.11,4,3.36,7,5.56,3,10.71,2,7.69,0,0,34,8.23,20,3.65
UUMV,6713,16.52,4,8,92,24.34,26,15.12,54,18.18,134,17.27,83,17.04,67,24.01,74,11.31,7,23.33,6,18.18,16,19.05,40,29.41,5,13.51,82,20.25,9,13.85,99,16.26,751,16.99,77,32.63,199,14.83,41,16.14,40,15.94,91,14.22,4,4.26,38,13.82,54,13.33,140,13.77,17,16.35,35,10.06,2,16.67,23,14.11,6,13.64,15,12.3,0,0,1,10,16,17.78,95,35.45,26,30.23,10,22.22,11,22.92,28,21.88,7,5.47,25,9.4,83,12.71,161,17.06,38,13.01,18,21.69,17,20.48,7,14.29,52,10.57,34,27.42,5,7.35,23,10.5,4,6.45,19,8.26,3,25,8,10.13,9,10,6,35.29,2,3.7,6,11.32,2,28.57,63,33.33,17,22.37,9,13.64,1,16.67,20,12.5,0,0,20,18.52,57,13.77,6,11.11,34,20.61,7,6.93,14,13.73,20,9.8,6,5.17,15,10.49,7,6.54,1,5,5,12.5,29,30.53,6,27.27,18,13.85,3,17.65,23,18.11,10,22.73,0,0,4,12.12,63,13.35,12,13.19,16,15.53,41,23.98,24,26.67,11,14.29,1,50,240,27.97,24,13.04,62,25.51,80,17.24,1,7.14,4,9.3,59,15.01,4,12.9,67,28.63,18,29.51,7,23.33,19,22.89,23,11.92,2,5.41,6,13.64,4,9.76,4,13.33,39,17.26,26,25.24,3,5.66,4,12.5,12,25.53,15,17.86,13,23.21,12,13.79,154,17.34,296,15.83,0,0,2,10,18,10.78,2,9.52,3,10.34,2,20,20,21.74,4,26.67,8,20.51,8,29.63,8,22.86,2,8.7,32,26.67,0,0,2,3.77,8,19.51,58,18.01,15,15.79,14,16.47,0,0,6,8.57,0,0,0,0,2,7.41,1,7.69,4,36.36,43,18.45,33,8.85,15,8.72,12,19.35,13,13.13,19,14.96,36,29.03,19,27.54,11,40.74,4,13.79,0,0,3,27.27,0,0,5,16.13,8,27.59,4,19.05,7,29.17,15,25,49,18.49,22,12.94,1,11.11,1,7.69,8,16.33,8,24.24,36,20.93,8,26.67,0,0,1,25,36,13.79,9,24.32,12,28.57,14,35,3,17.65,4,18.18,3,33.33,10,25,10,15.38,3,60,16,55.17,9,56.25,4,66.67,10,45.45,8,50,3,30,40,25.64,414,18.25,1,9.09,7,13.46,4,8.33,5,31.25,2,10,5,20.83,0,0,2,4.76,0,0,1,100,6,11.76,3,9.38,2,8.33,1,7.14,4,15.38,2,25,24,13.56,4,16.67,9,50,0,0,10,30.3,2,22.22,12,22.22,17,12.23,19,11.38,3,17.65,1,50,12,25.53,17,15.74,51,16.24,5,22.73,2,9.09,26,10.79,2,11.76,1,12.5,13,13.68,0,0,0,0,0,0,9,10.23,13,10.92,1,20,34,28.1,13,30.95,0,0,0,0,3,25,1,9.09,2,6.9,6,19.35,2,3.77,1,33.33,1,14.29,3,9.68,1,7.69,1,25,5,8.2,4,17.39,1,11.11,2,8,1,6.25,321,18.21,1,11.11,1,33.33,1,2.94,0,0,2,3.39,7,14.58,2,8.7,15,16.67,1,7.69,76,15.42,23,11.39,25,13.59,8,18.6,9,22.5,2,5.88,0,0,8,6.84,0,0,0,0,1,25,6,9.23,7,11.67,2,7.69,1,6.67,4,10.26,0,0,2,4.44,0,0,0,0,0,0,3,12.5,1,6.25,4,7.27,2,20,3,50,0,0,6,17.14,0,0,0,0,6,9.52,0,0,4,11.43,1,8.33,1,20,8,6.78,9,18.75,1,2.56,6,18.75,2,6.9,0,0,0,0,0,0,0,0,1,2.78,0,0,26,13.61,3,13.64,11,9.24,5,11.9,0,0,3,20,39,15.73,1,3.33,0,0,0,0,2,4.65,0,0,0,0,1,6.25,0,0,0,0,1,11.11,0,0,4,5.88,7,14.58,0,0,0,0,14,9.46,0,0,4,19.05,1,14.29,1,25,0,0,0,0,0,0,5,13.51,3,9.38,1,33.33,2,33.33,2,25,3,37.5,2,7.41,4,22.22,4,28.57,7,12.5,1,5.56,10,12.82,14,34.15,2,40,3,13.64,0,0,0,0,0,0,0,0,6,8.33,1,5.56,32,26.89,17,13.49,10,35.71,7,26.92,0,0,59,14.29,114,20.8
WEAPON LAW VIOLATIONS,366,0.9,0,0,0,0,2,1.16,2,0.67,2,0.26,2,0.41,1,0.36,4,0.61,1,3.33,0,0,0,0,1,0.74,0,0,3,0.74,2,3.08,2,0.33,19,0.43,3,1.27,8,0.6,1,0.39,0,0,1,0.16,5,5.32,0,0,1,0.25,16,1.57,0,0,5,1.44,0,0,1,0.61,0,0,0,0,0,0,0,0,3,3.33,2,0.75,1,1.16,1,2.22,0,0,3,2.34,3,2.34,4,1.5,1,0.15,2,0.21,2,0.68,0,0,5,6.02,0,0,7,1.42,1,0.81,1,1.47,3,1.37,2,3.23,0,0,0,0,2,2.53,0,0,0,0,1,1.85,2,3.77,0,0,0,0,1,1.32,0,0,0,0,0,0,0,0,0,0,1,0.24,0,0,4,2.42,3,2.97,1,0.98,2,0.98,1,0.86,4,2.8,1,0.93,0,0,1,2.5,3,3.16,1,4.55,5,3.85,1,5.88,1,0.79,1,2.27,0,0,0,0,1,0.21,0,0,0,0,2,1.17,1,1.11,0,0,0,0,6,0.7,5,2.72,0,0,10,2.16,0,0,0,0,10,2.54,0,0,1,0.43,0,0,0,0,0,0,4,2.07,1,2.7,0,0,0,0,1,3.33,1,0.44,0,0,1,1.89,0,0,0,0,1,1.19,0,0,0,0,18,2.03,20,1.07,0,0,0,0,2,1.2,0,0,0,0,0,0,1,1.09,1,6.67,2,5.13,0,0,0,0,0,0,0,0,2,10,4,7.55,1,2.44,2,0.62,0,0,0,0,0,0,1,1.43,0,0,0,0,1,3.7,0,0,0,0,6,2.58,7,1.88,1,0.58,0,0,1,1.01,3,2.36,3,2.42,0,0,1,3.7,0,0,0,0,2,18.18,0,0,0,0,0,0,0,0,0,0,1,1.67,5,1.89,1,0.59,0,0,0,0,0,0,0,0,2,1.16,0,0,0,0,0,0,3,1.15,1,2.7,0,0,1,2.5,0,0,0,0,0,0,0,0,0,0,0,0,0,0,0,0,0,0,0,0,1,6.25,1,10,2,1.28,23,1.01,0,0,0,0,0,0,0,0,0,0,0,0,0,0,0,0,0,0,0,0,0,0,1,3.12,0,0,0,0,0,0,0,0,2,1.13,0,0,0,0,0,0,0,0,0,0,1,1.85,0,0,1,0.6,0,0,0,0,0,0,0,0,0,0,0,0,0,0,1,0.41,0,0,0,0,0,0,0,0,0,0,0,0,0,0,4,3.36,0,0,1,0.83,0,0,0,0,0,0,0,0,0,0,0,0,0,0,0,0,0,0,0,0,0,0,0,0,0,0,0,0,0,0,0,0,0,0,0,0,8,0.45,0,0,0,0,0,0,0,0,1,1.69,0,0,0,0,0,0,0,0,5,1.01,2,0.99,5,2.72,0,0,1,2.5,1,2.94,0,0,1,0.85,0,0,0,0,0,0,0,0,1,1.67,0,0,0,0,0,0,0,0,0,0,0,0,0,0,0,0,0,0,0,0,0,0,0,0,0,0,0,0,0,0,0,0,0,0,0,0,0,0,0,0,0,0,0,0,0,0,1,2.08,1,2.56,1,3.12,0,0,0,0,0,0,0,0,0,0,1,2.78,0,0,2,1.05,0,0,0,0,0,0,0,0,0,0,1,0.4,0,0,0,0,0,0,0,0,0,0,0,0,0,0,0,0,0,0,0,0,0,0,2,2.94,0,0,0,0,0,0,0,0,0,0,0,0,0,0,0,0,0,0,0,0,0,0,1,2.7,0,0,0,0,0,0,0,0,1,12.5,0,0,0,0,0,0,0,0,0,0,2,2.56,0,0,0,0,0,0,0,0,0,0,0,0,0,0,1,1.39,0,0,2,1.68,3,2.38,1,3.57,1,3.85,0,0,0,0,6,1.09
